{"type": "FeatureCollection", "features": [{"type": "Feature", "geometry": {"type": "Polygon", "coordinates": [[[-86.4963503649635, -57.36206896551724], [-86.4963503649635, -58.39655172413792], [-86.53740875912408, -58.448275862068954], [-86.61952554744525, -58.39655172413792], [-86.4963503649635, -58.5], [-86.66058394160584, -58.55172413793103], [-84.11496350364963, -58.5], [-84.11496350364963, -57.36206896551724]]]}, "properties": {"id": 0, "altitude_m": 4000.0}},{"type": "Feature", "geometry": {"type": "Polygon", "coordinates": [[[-87.76916058394161, -57.36206896551724], [-87.72810218978103, -57.41379310344827], [-87.72810218978103, -58.5], [-87.19434306569343, -58.5], [-87.15328467153284, -58.448275862068954], [-87.11222627737226, -58.5], [-87.07116788321167, -58.448275862068954], [-87.07116788321167, -57.41379310344827], [-87.11222627737226, -57.36206896551724], [-87.15328467153284, -57.41379310344827], [-87.19434306569343, -57.36206896551724]]]}, "properties": {"id": 1, "altitude_m": 8000.0}},{"type": "Feature", "geometry": {"type": "Polygon", "coordinates": [[[-89.94525547445255, -57.36206896551724], [-89.98631386861314, -57.517241379310335], [-89.98631386861314, -58.29310344827586], [-89.90419708029196, -58.39655172413792], [-89.94525547445255, -58.5], [-88.26186131386862, -58.5], [-88.26186131386862, -57.36206896551724], [-89.8220802919708, -57.36206896551724], [-89.86313868613138, -57.41379310344827]]]}, "properties": {"id": 2, "altitude_m": 8000.0}},{"type": "Feature", "geometry": {"type": "Polygon", "coordinates": [[[-92.86040145985402, -57.4655172413793], [-92.77828467153284, -57.4655172413793], [-92.73722627737226, -57.41379310344827], [-92.6551094890511, -57.517241379310335], [-92.6551094890511, -58.29310344827586], [-92.69616788321167, -58.34482758620689], [-92.73722627737226, -58.34482758620689], [-92.73722627737226, -58.39655172413792], [-92.69616788321167, -58.39655172413792], [-92.69616788321167, -58.34482758620689], [-92.6551094890511, -58.29310344827586], [-92.57299270072993, -58.448275862068954], [-92.61405109489051, -58.5], [-92.73722627737226, -58.5], [-92.24452554744525, -58.5], [-92.24452554744525, -57.36206896551724], [-92.57299270072993, -57.36206896551724], [-92.61405109489051, -57.41379310344827], [-92.6551094890511, -57.41379310344827], [-92.69616788321167, -57.36206896551724], [-92.77828467153284, -57.4655172413793]]]}, "properties": {"id": 3, "altitude_m": 12000.0}},{"type": "Feature", "geometry": {"type": "Polygon", "coordinates": [[[-74.34306569343066, -54.258620689655174], [-74.4662408759124, -54.310344827586206], [-74.71259124087591, -54.258620689655174], [-74.7536496350365, -54.20689655172414], [-74.71259124087591, -54.15517241379311], [-74.79470802919708, -54.258620689655174], [-75.04105839416059, -54.051724137931046], [-75.12317518248176, -54.20689655172414], [-75.2463503649635, -54.20689655172414], [-75.28740875912408, -54.310344827586206], [-75.41058394160584, -54.258620689655174], [-75.36952554744525, -54.310344827586206], [-75.41058394160584, -54.41379310344827], [-75.61587591240877, -54.258620689655174], [-75.69799270072993, -54.41379310344827], [-75.82116788321167, -54.41379310344827], [-75.86222627737226, -54.310344827586206], [-75.7390510948905, -54.20689655172414], [-75.90328467153284, -54.20689655172414], [-75.94434306569343, -54.36206896551724], [-76.06751824817519, -54.36206896551724], [-75.94434306569343, -54.36206896551724], [-75.82116788321167, -54.51724137931035], [-75.69799270072993, -54.51724137931035], [-75.57481751824818, -54.36206896551724], [-75.49270072992701, -54.36206896551724], [-75.32846715328466, -54.62068965517241], [-75.5337591240876, -54.72413793103448], [-75.69799270072993, -54.982758620689665], [-75.86222627737226, -54.982758620689665], [-76.10857664233576, -55.13793103448276], [-75.16423357664235, -55.13793103448276], [-75.12317518248176, -54.982758620689665], [-75.08211678832117, -55.0344827586207], [-74.95894160583941, -54.982758620689665], [-74.91788321167883, -54.87931034482759], [-74.87682481751825, -54.982758620689665], [-74.79470802919708, -54.982758620689665], [-74.71259124087591, -54.672413793103445], [-74.83576642335767, -54.672413793103445], [-74.91788321167883, -54.51724137931035], [-74.58941605839416, -54.36206896551724], [-74.4662408759124, -54.4655172413793]]]}, "properties": {"id": 4, "altitude_m": 4000.0}},{"type": "Feature", "geometry": {"type": "Polygon", "coordinates": [[[-112.28102189781022, -54.10344827586208], [-112.03467153284672, -54.258620689655174], [-111.70620437956204, -54.20689655172414], [-111.09032846715328, -54.51724137931035], [-110.63868613138686, -54.51724137931035], [-110.39233576642336, -54.72413793103448], [-109.69434306569343, -54.77586206896551], [-109.20164233576642, -55.13793103448276], [-106.12226277372262, -55.13793103448276], [-106.73813868613139, -55.0344827586207], [-106.73813868613139, -54.93103448275863], [-106.90237226277372, -55.08620689655173], [-106.9844890510949, -54.93103448275863], [-107.43613138686132, -54.982758620689665], [-108.17518248175182, -54.62068965517241], [-108.75, -54.56896551724138], [-108.9963503649635, -54.72413793103448], [-108.9963503649635, -54.56896551724138], [-109.32481751824818, -54.56896551724138], [-109.36587591240875, -54.672413793103445], [-111.62408759124088, -54.10344827586208], [-111.8293795620438, -53.94827586206897]]]}, "properties": {"id": 5, "altitude_m": 4000.0}},{"type": "Feature", "geometry": {"type": "Polygon", "coordinates": [[[-72.1669708029197, -53.896551724137936], [-72.12591240875912, -53.94827586206897], [-72.12591240875912, -54.10344827586208], [-72.04379562043795, -54.15517241379311], [-71.87956204379563, -54.10344827586208], [-71.71532846715328, -54.20689655172414], [-71.63321167883211, -54.15517241379311], [-71.55109489051094, -54.258620689655174], [-71.83850364963504, -54.36206896551724], [-71.92062043795622, -54.310344827586206], [-72.12591240875912, -54.310344827586206], [-72.1669708029197, -54.258620689655174], [-71.92062043795622, -54.51724137931035], [-71.87956204379563, -54.87931034482759], [-71.6742700729927, -54.87931034482759], [-71.71532846715328, -54.87931034482759], [-71.79744525547446, -54.72413793103448], [-71.6742700729927, -54.41379310344827], [-71.55109489051094, -54.62068965517241], [-71.51003649635037, -54.62068965517241], [-71.4689781021898, -54.4655172413793], [-71.59215328467153, -54.36206896551724], [-71.55109489051094, -54.258620689655174], [-71.63321167883211, -54.15517241379311], [-71.55109489051094, -54.10344827586208], [-71.55109489051094, -54.0], [-71.4689781021898, -53.94827586206897], [-71.34580291970804, -54.051724137931046], [-71.4689781021898, -54.10344827586208], [-71.4689781021898, -54.15517241379311], [-71.38686131386862, -54.10344827586208], [-71.30474452554745, -54.20689655172414], [-71.38686131386862, -54.10344827586208], [-71.34580291970804, -53.94827586206897], [-71.4689781021898, -53.896551724137936], [-71.51003649635037, -53.94827586206897], [-71.63321167883211, -53.94827586206897], [-71.6742700729927, -53.896551724137936], [-71.71532846715328, -53.94827586206897], [-71.79744525547446, -53.896551724137936]]]}, "properties": {"id": 6, "altitude_m": 4000.0}},{"type": "Feature", "geometry": {"type": "Polygon", "coordinates": [[[-30.739051094890513, -53.896551724137936], [-30.862226277372258, -53.741379310344826], [-30.94434306569343, -53.689655172413794], [-30.94434306569343, -53.63793103448276], [-30.821167883211672, -53.53448275862068], [-30.862226277372258, -53.37931034482759], [-31.02645985401459, -53.27586206896552], [-31.02645985401459, -53.327586206896555], [-30.94434306569343, -53.37931034482759], [-30.985401459854018, -53.43103448275862], [-31.190693430656935, -53.43103448275862], [-31.14963503649635, -53.48275862068965], [-31.231751824817522, -53.586206896551715], [-31.31386861313868, -53.586206896551715], [-31.354927007299267, -53.53448275862068], [-31.395985401459853, -53.586206896551715], [-31.478102189781012, -53.586206896551715], [-31.5191605839416, -53.53448275862068], [-31.478102189781012, -53.586206896551715], [-31.5191605839416, -53.63793103448276], [-31.478102189781012, -53.586206896551715], [-31.395985401459853, -53.63793103448276], [-31.5191605839416, -53.79310344827586], [-31.560218978102185, -53.741379310344826], [-31.724452554744516, -53.84482758620689], [-31.31386861313868, -54.10344827586208], [-31.272810218978094, -54.051724137931046], [-31.190693430656935, -54.051724137931046], [-31.14963503649635, -53.94827586206897], [-31.108576642335763, -54.0], [-30.903284671532845, -54.0], [-30.862226277372258, -53.94827586206897], [-30.7801094890511, -54.0], [-30.862226277372258, -53.94827586206897], [-30.821167883211672, -53.896551724137936]]]}, "properties": {"id": 7, "altitude_m": 4000.0}},{"type": "Feature", "geometry": {"type": "Polygon", "coordinates": [[[-78.03832116788321, -52.86206896551724], [-78.03832116788321, -52.9655172413793], [-77.99726277372262, -53.01724137931035], [-78.03832116788321, -53.12068965517241], [-78.0793795620438, -53.06896551724138], [-78.03832116788321, -53.17241379310346], [-78.0793795620438, -53.22413793103449], [-78.16149635036496, -53.17241379310346], [-78.24361313868613, -53.22413793103449], [-78.24361313868613, -53.37931034482759], [-78.28467153284672, -53.43103448275862], [-78.24361313868613, -53.48275862068965], [-78.24361313868613, -53.63793103448276], [-78.16149635036496, -53.79310344827586], [-78.12043795620437, -53.741379310344826], [-78.0793795620438, -53.79310344827586], [-78.0793795620438, -53.896551724137936], [-77.91514598540147, -54.051724137931046], [-77.91514598540147, -54.20689655172414], [-77.91514598540147, -54.15517241379311], [-77.8330291970803, -54.10344827586208], [-77.7919708029197, -54.20689655172414], [-77.70985401459853, -54.20689655172414], [-77.66879562043795, -54.310344827586206], [-77.58667883211679, -54.310344827586206], [-77.58667883211679, -54.258620689655174], [-77.66879562043795, -54.258620689655174], [-77.75091240875912, -54.10344827586208], [-77.58667883211679, -54.0], [-77.5456204379562, -54.10344827586208], [-77.50456204379563, -54.10344827586208], [-77.5456204379562, -53.94827586206897], [-77.70985401459853, -53.741379310344826], [-77.70985401459853, -53.84482758620689], [-77.75091240875912, -53.896551724137936], [-77.7919708029197, -53.79310344827586], [-77.8330291970803, -53.896551724137936], [-77.91514598540147, -53.79310344827586], [-77.99726277372262, -53.79310344827586], [-78.03832116788321, -53.741379310344826], [-78.03832116788321, -53.63793103448276], [-78.12043795620437, -53.53448275862068], [-78.12043795620437, -53.43103448275862], [-78.03832116788321, -53.27586206896552], [-77.95620437956205, -53.43103448275862], [-77.91514598540147, -53.43103448275862], [-77.91514598540147, -53.327586206896555], [-77.87408759124088, -53.27586206896552], [-77.99726277372262, -53.06896551724138], [-77.95620437956205, -53.01724137931035]]]}, "properties": {"id": 8, "altitude_m": 4000.0}},{"type": "Feature", "geometry": {"type": "Polygon", "coordinates": [[[-115.68886861313868, -52.70689655172413], [-115.31934306569343, -52.86206896551724], [-115.23722627737226, -53.01724137931035], [-115.11405109489051, -52.9655172413793], [-115.07299270072993, -53.01724137931035], [-115.11405109489051, -53.06896551724138], [-115.07299270072993, -53.01724137931035], [-114.74452554744525, -53.17241379310346], [-114.70346715328468, -53.27586206896552], [-114.66240875912409, -53.17241379310346], [-114.6213503649635, -53.22413793103449], [-114.66240875912409, -53.17241379310346], [-114.6213503649635, -53.12068965517241], [-114.45711678832117, -53.12068965517241], [-114.41605839416059, -53.17241379310346], [-114.25182481751824, -53.17241379310346], [-114.00547445255475, -53.37931034482759], [-113.88229927007299, -53.327586206896555], [-113.8412408759124, -53.37931034482759], [-113.63594890510949, -53.37931034482759], [-113.71806569343066, -53.37931034482759], [-113.8412408759124, -53.27586206896552], [-113.88229927007299, -53.327586206896555], [-113.96441605839416, -53.22413793103449], [-114.08759124087591, -53.22413793103449], [-114.33394160583941, -53.06896551724138], [-114.45711678832117, -53.06896551724138], [-114.49817518248175, -53.01724137931035], [-114.45711678832117, -52.9655172413793], [-114.49817518248175, -53.01724137931035], [-114.70346715328468, -52.9655172413793], [-114.74452554744525, -52.86206896551724], [-115.07299270072993, -52.70689655172413], [-115.31934306569343, -52.70689655172413], [-115.36040145985402, -52.655172413793096], [-115.44251824817518, -52.70689655172413]]]}, "properties": {"id": 9, "altitude_m": 4000.0}},{"type": "Feature", "geometry": {"type": "Polygon", "coordinates": [[[-81.81569343065694, -52.396551724137936], [-81.73357664233576, -52.44827586206897], [-81.77463503649635, -52.5], [-81.73357664233576, -52.603448275862064], [-81.61040145985402, -52.70689655172413], [-81.48722627737226, -53.22413793103449], [-81.40510948905109, -53.17241379310346], [-81.3640510948905, -53.27586206896552], [-81.24087591240877, -53.27586206896552], [-81.1587591240876, -53.37931034482759], [-81.19981751824818, -53.63793103448276], [-81.11770072992701, -53.689655172413794], [-81.07664233576642, -53.84482758620689], [-80.91240875912408, -54.0], [-80.8713503649635, -54.15517241379311], [-80.74817518248176, -54.20689655172414], [-80.78923357664235, -54.310344827586206], [-80.70711678832117, -54.36206896551724], [-80.70711678832117, -54.258620689655174], [-80.58394160583941, -54.20689655172414], [-80.3786496350365, -54.72413793103448], [-80.33759124087592, -54.72413793103448], [-80.41970802919708, -54.051724137931046], [-80.29653284671534, -53.94827586206897], [-80.29653284671534, -53.84482758620689], [-80.41970802919708, -53.741379310344826], [-80.625, -53.27586206896552], [-80.58394160583941, -53.17241379310346], [-80.70711678832117, -53.01724137931035], [-80.66605839416059, -52.86206896551724], [-80.78923357664235, -52.810344827586206], [-80.83029197080292, -52.86206896551724], [-80.95346715328466, -52.810344827586206], [-81.07664233576642, -52.86206896551724], [-81.28193430656934, -52.603448275862064], [-81.28193430656934, -52.5], [-81.3640510948905, -52.44827586206897], [-81.32299270072993, -52.241379310344826], [-81.40510948905109, -52.396551724137936], [-81.52828467153284, -52.396551724137936], [-81.56934306569343, -52.5]]]}, "properties": {"id": 10, "altitude_m": 4000.0}},{"type": "Feature", "geometry": {"type": "Polygon", "coordinates": [[[-82.63686131386862, -52.13793103448276], [-82.59580291970804, -52.189655172413794], [-82.59580291970804, -52.29310344827587], [-82.51368613138686, -52.344827586206904], [-82.47262773722628, -52.5], [-82.26733576642336, -52.70689655172413], [-82.26733576642336, -52.810344827586206], [-82.14416058394161, -52.9655172413793], [-82.14416058394161, -53.01724137931035], [-82.06204379562044, -53.06896551724138], [-82.10310218978103, -53.17241379310346], [-82.02098540145985, -53.22413793103449], [-81.97992700729927, -53.37931034482759], [-81.93886861313868, -53.37931034482759], [-81.77463503649635, -53.586206896551715], [-81.69251824817519, -53.586206896551715], [-81.85675182481751, -53.37931034482759], [-81.81569343065694, -53.27586206896552], [-81.85675182481751, -53.22413793103449], [-81.85675182481751, -53.12068965517241], [-81.93886861313868, -53.01724137931035], [-81.93886861313868, -52.91379310344827], [-81.97992700729927, -52.86206896551724], [-81.93886861313868, -52.810344827586206], [-82.10310218978103, -52.70689655172413], [-82.14416058394161, -52.55172413793103], [-82.22627737226277, -52.5], [-82.1852189781022, -52.44827586206897], [-82.22627737226277, -52.344827586206904], [-82.22627737226277, -52.44827586206897], [-82.30839416058394, -52.55172413793103], [-82.34945255474453, -52.55172413793103], [-82.3905109489051, -52.44827586206897], [-82.43156934306569, -52.44827586206897], [-82.51368613138686, -52.344827586206904], [-82.55474452554745, -52.241379310344826], [-82.51368613138686, -52.189655172413794], [-82.59580291970804, -52.189655172413794]]]}, "properties": {"id": 11, "altitude_m": 4000.0}},{"type": "Feature", "geometry": {"type": "Polygon", "coordinates": [[[-111.21350364963504, -52.189655172413794], [-111.2956204379562, -52.189655172413794], [-111.33667883211679, -52.13793103448276], [-111.5419708029197, -52.13793103448276], [-111.5830291970803, -52.189655172413794], [-111.66514598540147, -52.189655172413794], [-111.70620437956204, -52.241379310344826], [-111.74726277372262, -52.241379310344826], [-111.70620437956204, -52.29310344827587], [-111.74726277372262, -52.344827586206904], [-111.74726277372262, -52.5], [-111.78832116788321, -52.55172413793103], [-111.8293795620438, -52.5], [-111.87043795620438, -52.55172413793103], [-111.8293795620438, -52.603448275862064], [-111.78832116788321, -52.55172413793103], [-111.74726277372262, -52.55172413793103], [-111.70620437956204, -52.603448275862064], [-111.70620437956204, -52.655172413793096], [-111.74726277372262, -52.70689655172413], [-111.78832116788321, -52.70689655172413], [-111.78832116788321, -52.758620689655174], [-111.8293795620438, -52.810344827586206], [-111.95255474452554, -52.86206896551724], [-111.87043795620438, -52.86206896551724], [-111.8293795620438, -52.810344827586206], [-111.70620437956204, -52.758620689655174], [-111.74726277372262, -52.70689655172413], [-111.66514598540147, -52.603448275862064], [-111.62408759124088, -52.603448275862064], [-111.5419708029197, -52.70689655172413], [-111.50091240875912, -52.70689655172413], [-111.45985401459853, -52.655172413793096], [-111.37773722627738, -52.655172413793096], [-111.33667883211679, -52.70689655172413], [-111.41879562043796, -52.603448275862064], [-111.37773722627738, -52.55172413793103], [-111.37773722627738, -52.5], [-111.33667883211679, -52.44827586206897], [-111.2956204379562, -52.44827586206897], [-111.2956204379562, -52.396551724137936], [-111.25456204379562, -52.344827586206904]]]}, "properties": {"id": 12, "altitude_m": 4000.0}},{"type": "Feature", "geometry": {"type": "Polygon", "coordinates": [[[-35.05018248175183, -52.08620689655173], [-35.54288321167883, -52.0344827586207], [-35.46076642335767, -52.189655172413794], [-35.583941605839414, -52.189655172413794], [-35.748175182481745, -52.396551724137936], [-35.748175182481745, -52.70689655172413], [-36.4051094890511, -52.810344827586206], [-36.4051094890511, -53.01724137931035], [-36.692518248175176, -53.22413793103449], [-36.48722627737226, -53.48275862068965], [-36.32299270072993, -53.327586206896555], [-36.11770072992701, -53.327586206896555], [-36.07664233576642, -53.43103448275862], [-36.56934306569343, -53.79310344827586], [-36.85675182481752, -54.15517241379311], [-37.472627737226276, -54.051724137931046], [-37.554744525547434, -54.15517241379311], [-37.43156934306569, -54.20689655172414], [-37.51368613138686, -54.41379310344827], [-37.308394160583944, -54.41379310344827], [-37.349452554744516, -54.258620689655174], [-37.26733576642336, -54.15517241379311], [-37.22627737226277, -54.36206896551724], [-37.06204379562044, -54.36206896551724], [-36.97992700729927, -54.20689655172414], [-36.61040145985402, -54.36206896551724], [-35.78923357664233, -54.051724137931046], [-35.83029197080292, -53.79310344827586], [-35.95346715328468, -53.689655172413794], [-35.625, -53.586206896551715], [-35.666058394160586, -53.43103448275862], [-35.501824817518255, -53.327586206896555], [-35.625, -53.01724137931035], [-35.33759124087591, -52.603448275862064], [-35.13229927007299, -52.55172413793103], [-35.214416058394164, -52.44827586206897], [-35.05018248175183, -52.344827586206904], [-35.13229927007299, -52.29310344827587]]]}, "properties": {"id": 13, "altitude_m": 4000.0}},{"type": "Feature", "geometry": {"type": "Polygon", "coordinates": [[[-60.01368613138686, -52.13793103448276], [-60.34215328467153, -52.08620689655173], [-60.58850364963504, -52.5], [-60.62956204379562, -51.82758620689654], [-60.99908759124087, -52.9655172413793], [-61.12226277372263, -52.29310344827587], [-61.368613138686136, -53.06896551724138], [-61.573905109489054, -53.17241379310346], [-61.49178832116788, -52.86206896551724], [-61.90237226277372, -53.37931034482759], [-62.14872262773723, -53.12068965517241], [-63.503649635036496, -53.84482758620689], [-64.20164233576642, -53.63793103448276], [-64.32481751824817, -53.43103448275862], [-64.61222627737226, -53.896551724137936], [-64.98175182481752, -54.051724137931046], [-65.0228102189781, -54.20689655172414], [-64.65328467153284, -54.051724137931046], [-65.18704379562044, -55.13793103448276], [-60.711678832116796, -55.13793103448276], [-60.1779197080292, -54.15517241379311], [-60.26003649635037, -53.63793103448276], [-60.05474452554744, -53.06896551724138]]]}, "properties": {"id": 14, "altitude_m": 4000.0}},{"type": "Feature", "geometry": {"type": "Polygon", "coordinates": [[[-80.58394160583941, -51.77586206896551], [-80.46076642335765, -52.13793103448276], [-80.54288321167883, -52.655172413793096], [-80.29653284671534, -52.70689655172413], [-79.8859489051095, -53.689655172413794], [-79.63959854014598, -53.53448275862068], [-79.43430656934306, -53.79310344827586], [-79.14689781021897, -54.51724137931035], [-78.90054744525547, -54.51724137931035], [-79.3521897810219, -53.94827586206897], [-79.02372262773723, -54.051724137931046], [-78.94160583941606, -53.896551724137936], [-78.65419708029196, -54.51724137931035], [-78.3257299270073, -54.672413793103445], [-78.20255474452554, -54.982758620689665], [-78.28467153284672, -55.08620689655173], [-77.21715328467153, -55.13793103448276], [-77.91514598540147, -54.56896551724138], [-77.91514598540147, -54.77586206896551], [-78.28467153284672, -54.56896551724138], [-78.28467153284672, -54.36206896551724], [-78.61313868613138, -54.15517241379311], [-78.44890510948905, -53.741379310344826], [-78.90054744525547, -53.327586206896555], [-78.98266423357664, -52.91379310344827], [-79.10583941605839, -53.12068965517241], [-79.39324817518249, -52.86206896551724], [-79.22901459854015, -53.27586206896552], [-79.39324817518249, -53.27586206896552], [-79.31113138686132, -53.327586206896555], [-79.43430656934306, -53.53448275862068], [-79.55748175182481, -53.22413793103449], [-79.51642335766424, -53.53448275862068], [-79.72171532846716, -53.586206896551715], [-79.8859489051095, -53.37931034482759], [-79.63959854014598, -52.9655172413793], [-79.84489051094891, -53.12068965517241], [-79.84489051094891, -52.86206896551724], [-80.13229927007299, -52.603448275862064], [-80.0912408759124, -52.396551724137936], [-80.29653284671534, -51.98275862068965]]]}, "properties": {"id": 15, "altitude_m": 4000.0}},{"type": "Feature", "geometry": {"type": "Polygon", "coordinates": [[[-75.20529197080292, -52.55172413793103], [-75.0, -52.655172413793096], [-75.20529197080292, -52.655172413793096], [-74.83576642335767, -52.810344827586206], [-74.87682481751825, -52.603448275862064], [-74.79470802919708, -52.5], [-74.54835766423358, -52.44827586206897], [-74.38412408759125, -52.55172413793103], [-74.4662408759124, -52.241379310344826], [-74.34306569343066, -52.189655172413794], [-74.34306569343066, -52.344827586206904], [-74.26094890510949, -52.396551724137936], [-74.30200729927007, -52.44827586206897], [-74.05565693430657, -52.396551724137936], [-74.05565693430657, -52.55172413793103], [-73.89142335766424, -52.810344827586206], [-73.76824817518248, -52.70689655172413], [-73.85036496350365, -52.603448275862064], [-73.80930656934306, -52.5], [-73.93248175182481, -52.44827586206897], [-74.05565693430657, -52.189655172413794], [-74.30200729927007, -52.241379310344826], [-74.38412408759125, -52.08620689655173], [-74.26094890510949, -51.98275862068965], [-73.89142335766424, -51.98275862068965], [-73.7271897810219, -51.62068965517241], [-73.85036496350365, -51.62068965517241], [-73.93248175182481, -51.77586206896551], [-74.26094890510949, -51.672413793103445], [-74.38412408759125, -51.82758620689654], [-74.38412408759125, -51.72413793103448], [-74.50729927007299, -51.62068965517241], [-74.50729927007299, -51.46551724137932], [-74.63047445255475, -51.46551724137932], [-74.71259124087591, -51.72413793103448], [-74.63047445255475, -51.672413793103445], [-74.42518248175183, -51.93103448275862], [-74.4662408759124, -52.0344827586207], [-74.7536496350365, -52.08620689655173], [-74.79470802919708, -51.82758620689654], [-74.83576642335767, -52.08620689655173], [-74.7536496350365, -52.241379310344826], [-74.79470802919708, -52.29310344827587], [-74.71259124087591, -52.29310344827587], [-74.83576642335767, -52.396551724137936], [-74.79470802919708, -52.5], [-74.91788321167883, -52.55172413793103], [-74.95894160583941, -52.344827586206904]]]}, "properties": {"id": 16, "altitude_m": 4000.0}},{"type": "Feature", "geometry": {"type": "Polygon", "coordinates": [[[-74.79470802919708, -51.51724137931035], [-75.0, -51.46551724137932], [-75.20529197080292, -51.77586206896551], [-75.36952554744525, -51.77586206896551], [-75.36952554744525, -51.87931034482759], [-75.41058394160584, -51.93103448275862], [-75.49270072992701, -51.82758620689654], [-75.57481751824818, -51.87931034482759], [-75.57481751824818, -51.98275862068965], [-75.5337591240876, -51.93103448275862], [-75.49270072992701, -51.98275862068965], [-75.5337591240876, -52.13793103448276], [-75.61587591240877, -52.241379310344826], [-75.7390510948905, -52.241379310344826], [-75.78010948905109, -52.29310344827587], [-75.7390510948905, -52.29310344827587], [-75.69799270072993, -52.396551724137936], [-75.61587591240877, -52.344827586206904], [-75.57481751824818, -52.44827586206897], [-75.45164233576642, -52.44827586206897], [-75.41058394160584, -52.5], [-75.45164233576642, -52.55172413793103], [-75.61587591240877, -52.55172413793103], [-75.65693430656934, -52.5], [-75.82116788321167, -52.5], [-75.86222627737226, -52.44827586206897], [-75.86222627737226, -52.5], [-75.45164233576642, -52.603448275862064], [-75.41058394160584, -52.5], [-75.28740875912408, -52.5], [-75.2463503649635, -52.396551724137936], [-75.28740875912408, -52.44827586206897], [-75.41058394160584, -52.44827586206897], [-75.45164233576642, -52.396551724137936], [-75.41058394160584, -52.29310344827587], [-75.32846715328466, -52.29310344827587], [-75.28740875912408, -52.241379310344826], [-75.20529197080292, -52.29310344827587], [-75.16423357664235, -52.241379310344826], [-75.04105839416059, -52.241379310344826], [-75.0, -52.13793103448276], [-74.91788321167883, -52.189655172413794], [-74.91788321167883, -51.93103448275862]]]}, "properties": {"id": 17, "altitude_m": 4000.0}},{"type": "Feature", "geometry": {"type": "Polygon", "coordinates": [[[-39.23813868613139, -52.70689655172413], [-39.7308394160584, -52.08620689655173], [-40.22354014598541, -51.98275862068965], [-40.38777372262774, -52.241379310344826], [-40.55200729927007, -52.08620689655173], [-40.4698905109489, -52.29310344827587], [-40.79835766423358, -52.70689655172413], [-40.59306569343066, -51.87931034482759], [-41.126824817518255, -51.310344827586206], [-40.75729927007299, -52.0344827586207], [-41.53740875912409, -52.44827586206897], [-41.61952554744525, -52.810344827586206], [-40.88047445255475, -53.06896551724138], [-40.79835766423358, -53.53448275862068], [-41.126824817518255, -53.43103448275862], [-41.003649635036496, -53.741379310344826], [-41.33211678832117, -53.896551724137936], [-41.90693430656934, -53.63793103448276], [-42.11222627737226, -53.79310344827586], [-41.373175182481745, -54.4655172413793], [-42.11222627737226, -54.982758620689665], [-43.179744525547434, -54.62068965517241], [-43.467153284671525, -54.15517241379311], [-44.08302919708029, -53.94827586206897], [-44.3293795620438, -54.15517241379311], [-43.959854014598534, -54.41379310344827], [-44.45255474452554, -54.672413793103445], [-43.959854014598534, -55.13793103448276], [-43.91879562043796, -54.93103448275863], [-43.467153284671525, -55.13793103448276], [-41.08576642335767, -55.0344827586207], [-40.634124087591246, -54.56896551724138], [-39.85401459854015, -54.56896551724138], [-40.01824817518248, -54.310344827586206], [-39.4844890510949, -54.41379310344827], [-39.689781021897815, -54.10344827586208], [-39.402372262773724, -53.741379310344826]]]}, "properties": {"id": 18, "altitude_m": 4000.0}},{"type": "Feature", "geometry": {"type": "Polygon", "coordinates": [[[-118.11131386861314, -50.689655172413794], [-118.11131386861314, -50.79310344827586], [-117.9470802919708, -50.84482758620689], [-118.11131386861314, -50.948275862068954], [-118.11131386861314, -52.189655172413794], [-118.07025547445255, -52.08620689655173], [-117.7007299270073, -52.189655172413794], [-117.7007299270073, -52.29310344827587], [-117.33120437956204, -52.241379310344826], [-117.24908759124088, -52.344827586206904], [-117.29014598540147, -52.29310344827587], [-117.2080291970803, -52.241379310344826], [-117.12591240875912, -52.396551724137936], [-116.6742700729927, -52.396551724137936], [-116.87956204379562, -52.241379310344826], [-116.79744525547446, -52.13793103448276], [-116.6742700729927, -52.241379310344826], [-116.51003649635037, -52.189655172413794], [-116.51003649635037, -52.344827586206904], [-116.34580291970804, -52.29310344827587], [-116.30474452554745, -52.344827586206904], [-116.46897810218978, -52.5], [-116.4279197080292, -52.603448275862064], [-116.26368613138686, -52.44827586206897], [-116.18156934306569, -52.44827586206897], [-116.09945255474453, -52.55172413793103], [-116.1405109489051, -52.603448275862064], [-115.97627737226277, -52.55172413793103], [-115.93521897810218, -52.44827586206897], [-116.09945255474453, -52.44827586206897], [-116.09945255474453, -52.29310344827587], [-116.18156934306569, -52.344827586206904], [-116.30474452554745, -52.241379310344826], [-116.22262773722628, -52.08620689655173], [-116.09945255474453, -52.08620689655173], [-116.09945255474453, -51.93103448275862], [-115.93521897810218, -51.87931034482759], [-115.93521897810218, -51.77586206896551], [-116.09945255474453, -51.82758620689654], [-116.22262773722628, -51.72413793103448], [-116.1405109489051, -51.56896551724138], [-116.18156934306569, -51.413793103448285], [-116.34580291970804, -51.51724137931035], [-116.55109489051095, -51.36206896551724], [-116.59215328467154, -51.413793103448285], [-116.59215328467154, -51.258620689655174], [-117.53649635036496, -51.103448275862064], [-117.57755474452554, -51.0], [-117.90602189781022, -50.948275862068954], [-117.9470802919708, -50.79310344827586]]]}, "properties": {"id": 19, "altitude_m": 4000.0}},{"type": "Feature", "geometry": {"type": "Polygon", "coordinates": [[[-43.13868613138686, -51.0], [-43.877737226277375, -50.5344827586207], [-44.20620437956204, -50.948275862068954], [-45.314781021897815, -50.89655172413792], [-45.3558394160584, -51.15517241379311], [-44.69890510948906, -51.05172413793103], [-45.602189781021906, -51.36206896551724], [-45.72536496350365, -51.05172413793103], [-47.285583941605836, -51.87931034482759], [-47.86040145985402, -51.77586206896551], [-47.20346715328468, -52.29310344827587], [-45.602189781021906, -52.13793103448276], [-45.84854014598541, -52.5], [-47.490875912408754, -52.70689655172413], [-48.10675182481752, -53.27586206896552], [-48.10675182481752, -52.91379310344827], [-49.9543795620438, -53.43103448275862], [-49.01003649635037, -53.689655172413794], [-49.05109489051094, -53.27586206896552], [-48.35310218978101, -53.37931034482759], [-47.90145985401459, -53.896551724137936], [-48.3941605839416, -54.051724137931046], [-48.02463503649635, -54.258620689655174], [-47.61405109489051, -53.79310344827586], [-47.778284671532845, -53.27586206896552], [-45.23266423357664, -53.12068965517241], [-44.657846715328475, -52.603448275862064], [-44.822080291970806, -51.87931034482759], [-44.28832116788321, -51.72413793103448], [-44.04197080291971, -51.98275862068965], [-43.83667883211679, -51.82758620689654], [-44.04197080291971, -51.258620689655174]]]}, "properties": {"id": 20, "altitude_m": 4000.0}},{"type": "Feature", "geometry": {"type": "Polygon", "coordinates": [[[-118.11131386861314, -49.70689655172414], [-118.11131386861314, -50.12068965517241], [-118.02919708029196, -50.12068965517241], [-117.98813868613139, -50.17241379310346], [-118.11131386861314, -50.27586206896552], [-118.11131386861314, -50.48275862068965], [-117.82390510948905, -50.37931034482759], [-117.82390510948905, -50.27586206896552], [-117.78284671532846, -50.22413793103449], [-117.7007299270073, -50.327586206896555], [-117.74178832116789, -50.37931034482759], [-117.7007299270073, -50.327586206896555], [-117.61861313868613, -50.43103448275862], [-117.49543795620438, -50.327586206896555], [-117.4543795620438, -50.37931034482759], [-117.33120437956204, -50.37931034482759], [-117.1669708029197, -50.48275862068965], [-117.08485401459853, -50.43103448275862], [-116.96167883211679, -50.43103448275862], [-117.00273722627738, -50.37931034482759], [-116.96167883211679, -50.327586206896555], [-117.04379562043796, -50.27586206896552], [-117.00273722627738, -50.22413793103449], [-117.08485401459853, -50.06896551724137], [-117.04379562043796, -50.017241379310335], [-116.96167883211679, -50.017241379310335], [-116.96167883211679, -49.9655172413793], [-117.00273722627738, -49.9655172413793], [-117.1669708029197, -49.758620689655174], [-117.24908759124088, -49.810344827586206], [-117.29014598540147, -49.758620689655174], [-117.24908759124088, -49.70689655172414], [-117.41332116788321, -49.603448275862064], [-117.78284671532846, -49.603448275862064], [-117.7007299270073, -49.758620689655174], [-117.74178832116789, -49.810344827586206], [-117.82390510948905, -49.810344827586206], [-117.98813868613139, -49.70689655172414], [-118.02919708029196, -49.758620689655174]]]}, "properties": {"id": 21, "altitude_m": 4000.0}},{"type": "Feature", "geometry": {"type": "Polygon", "coordinates": [[[-89.8220802919708, -49.18965517241378], [-90.15054744525547, -49.18965517241378], [-90.43795620437956, -49.396551724137936], [-90.56113138686132, -49.396551724137936], [-90.60218978102189, -49.344827586206904], [-90.43795620437956, -49.18965517241378], [-90.47901459854015, -49.13793103448275], [-90.56113138686132, -49.241379310344826], [-90.68430656934306, -49.241379310344826], [-90.88959854014598, -49.396551724137936], [-90.93065693430657, -49.5], [-90.97171532846716, -49.44827586206897], [-91.25912408759123, -49.603448275862064], [-91.46441605839416, -49.603448275862064], [-91.50547445255475, -49.65517241379311], [-91.66970802919708, -49.65517241379311], [-91.875, -49.55172413793103], [-91.71076642335765, -49.603448275862064], [-91.6286496350365, -49.758620689655174], [-91.46441605839416, -49.70689655172414], [-91.42335766423358, -49.758620689655174], [-91.46441605839416, -49.86206896551724], [-91.38229927007299, -49.86206896551724], [-91.25912408759123, -49.758620689655174], [-91.17700729927007, -49.86206896551724], [-91.01277372262774, -49.86206896551724], [-91.01277372262774, -49.758620689655174], [-90.88959854014598, -49.65517241379311], [-90.72536496350365, -49.810344827586206], [-90.80748175182481, -49.70689655172414], [-90.76642335766424, -49.65517241379311], [-90.56113138686132, -49.65517241379311], [-90.23266423357664, -49.44827586206897], [-89.90419708029196, -49.396551724137936], [-89.98631386861314, -49.344827586206904], [-89.8220802919708, -49.29310344827587], [-89.86313868613138, -49.241379310344826]]]}, "properties": {"id": 22, "altitude_m": 4000.0}},{"type": "Feature", "geometry": {"type": "Polygon", "coordinates": [[[-76.51916058394161, -48.62068965517241], [-76.60127737226277, -48.672413793103445], [-76.68339416058394, -48.56896551724138], [-76.64233576642336, -48.62068965517241], [-76.7655109489051, -48.827586206896555], [-76.80656934306569, -48.827586206896555], [-76.84762773722628, -48.72413793103448], [-76.88868613138686, -48.77586206896552], [-77.01186131386862, -48.72413793103448], [-77.05291970802921, -48.672413793103445], [-76.97080291970804, -48.56896551724138], [-77.09397810218978, -48.672413793103445], [-77.05291970802921, -48.72413793103448], [-77.09397810218978, -48.77586206896552], [-77.05291970802921, -48.87931034482759], [-77.17609489051095, -48.98275862068965], [-77.21715328467153, -49.086206896551715], [-77.17609489051095, -49.18965517241378], [-77.21715328467153, -49.241379310344826], [-77.13503649635037, -49.241379310344826], [-77.01186131386862, -49.396551724137936], [-77.09397810218978, -49.44827586206897], [-77.05291970802921, -49.5], [-77.05291970802921, -49.603448275862064], [-76.92974452554745, -49.5], [-77.01186131386862, -49.44827586206897], [-76.97080291970804, -49.344827586206904], [-76.92974452554745, -49.396551724137936], [-77.09397810218978, -49.18965517241378], [-77.01186131386862, -48.93103448275862], [-76.97080291970804, -48.93103448275862], [-76.88868613138686, -49.086206896551715], [-76.92974452554745, -49.18965517241378], [-76.88868613138686, -49.086206896551715], [-76.80656934306569, -49.13793103448275], [-76.60127737226277, -49.13793103448275], [-76.5602189781022, -49.18965517241378], [-76.60127737226277, -49.13793103448275], [-76.5602189781022, -49.086206896551715], [-76.39598540145985, -49.03448275862068], [-76.47810218978103, -48.93103448275862], [-76.43704379562044, -48.87931034482759], [-76.47810218978103, -48.93103448275862], [-76.60127737226277, -48.93103448275862], [-76.64233576642336, -48.87931034482759], [-76.64233576642336, -48.827586206896555], [-76.60127737226277, -48.77586206896552], [-76.5602189781022, -48.827586206896555], [-76.5602189781022, -48.72413793103448], [-76.47810218978103, -48.672413793103445]]]}, "properties": {"id": 23, "altitude_m": 4000.0}},{"type": "Feature", "geometry": {"type": "Polygon", "coordinates": [[[-118.11131386861314, -48.155172413793096], [-118.11131386861314, -48.51724137931035], [-117.65967153284672, -48.62068965517241], [-117.7007299270073, -48.77586206896552], [-118.11131386861314, -48.62068965517241], [-118.11131386861314, -48.87931034482759], [-117.90602189781022, -48.77586206896552], [-117.33120437956204, -49.03448275862068], [-117.29014598540147, -49.29310344827587], [-117.41332116788321, -49.396551724137936], [-117.1669708029197, -49.44827586206897], [-117.1669708029197, -49.65517241379311], [-116.79744525547446, -49.810344827586206], [-116.6742700729927, -49.9655172413793], [-116.71532846715328, -50.17241379310346], [-116.59215328467154, -50.12068965517241], [-116.46897810218978, -50.43103448275862], [-115.89416058394161, -50.5344827586207], [-115.85310218978103, -50.63793103448276], [-115.97627737226277, -50.689655172413794], [-115.44251824817518, -50.84482758620689], [-115.27828467153284, -51.258620689655174], [-115.1551094890511, -51.05172413793103], [-115.03193430656934, -51.15517241379311], [-114.78558394160584, -51.05172413793103], [-115.03193430656934, -50.79310344827586], [-114.82664233576642, -50.689655172413794], [-115.03193430656934, -50.741379310344826], [-115.23722627737226, -50.37931034482759], [-116.51003649635037, -49.810344827586206], [-116.55109489051095, -49.5], [-117.00273722627738, -49.241379310344826], [-116.9206204379562, -49.086206896551715], [-116.75638686131387, -49.03448275862068], [-116.51003649635037, -49.241379310344826], [-116.59215328467154, -49.03448275862068], [-116.4279197080292, -48.98275862068965], [-117.04379562043796, -48.56896551724138], [-117.49543795620438, -48.672413793103445], [-117.49543795620438, -48.51724137931035], [-117.9470802919708, -48.413793103448285], [-117.9470802919708, -48.258620689655174]]]}, "properties": {"id": 24, "altitude_m": 4000.0}},{"type": "Feature", "geometry": {"type": "Polygon", "coordinates": [[[-63.29835766423358, -47.482758620689665], [-65.18704379562044, -48.103448275862064], [-66.5419708029197, -46.241379310344826], [-65.8439781021898, -48.31034482758622], [-67.03467153284672, -50.58620689655173], [-66.82937956204378, -53.22413793103449], [-68.55383211678833, -52.758620689655174], [-68.18430656934306, -51.82758620689654], [-69.99087591240875, -49.9655172413793], [-70.23722627737226, -52.29310344827587], [-72.7007299270073, -52.241379310344826], [-72.94708029197079, -53.741379310344826], [-69.86770072992701, -53.79310344827586], [-69.45711678832117, -51.672413793103445], [-68.88229927007299, -52.758620689655174], [-69.74452554744525, -53.43103448275862], [-68.92335766423358, -53.689655172413794], [-68.88229927007299, -52.758620689655174], [-67.77372262773723, -53.741379310344826], [-70.85310218978103, -53.94827586206897], [-70.89416058394161, -55.13793103448276], [-65.67974452554745, -55.13793103448276], [-66.21350364963504, -52.396551724137936], [-65.06386861313868, -52.189655172413794], [-64.20164233576642, -50.84482758620689], [-65.3102189781022, -50.948275862068954], [-65.63868613138686, -49.9655172413793], [-64.03740875912409, -49.29310344827587]]]}, "properties": {"id": 25, "altitude_m": 4000.0}},{"type": "Feature", "geometry": {"type": "Polygon", "coordinates": [[[-103.125, -45.05172413793103], [-103.53558394160584, -45.310344827586206], [-103.49452554744525, -45.41379310344827], [-103.57664233576642, -45.56896551724138], [-103.41240875912409, -45.41379310344827], [-103.28923357664233, -45.56896551724138], [-103.33029197080292, -45.72413793103449], [-103.20711678832117, -45.77586206896552], [-103.28923357664233, -45.87931034482759], [-103.04288321167883, -46.241379310344826], [-102.96076642335767, -46.086206896551715], [-102.83759124087591, -46.13793103448276], [-103.00182481751824, -46.34482758620689], [-103.08394160583941, -46.34482758620689], [-103.04288321167883, -46.396551724137936], [-103.00182481751824, -46.34482758620689], [-102.83759124087591, -46.44827586206897], [-102.91970802919708, -46.551724137931046], [-102.8786496350365, -46.60344827586208], [-102.71441605839416, -46.29310344827586], [-102.55018248175182, -46.241379310344826], [-102.5912408759124, -46.189655172413794], [-102.55018248175182, -46.086206896551715], [-102.5912408759124, -46.03448275862068], [-102.5912408759124, -45.87931034482759], [-102.67335766423358, -45.827586206896555], [-102.63229927007299, -45.62068965517241], [-102.8786496350365, -45.51724137931035], [-102.71441605839416, -45.41379310344827], [-102.67335766423358, -45.258620689655174], [-103.08394160583941, -45.310344827586206], [-103.125, -45.258620689655174], [-103.04288321167883, -45.103448275862064]]]}, "properties": {"id": 26, "altitude_m": 4000.0}},{"type": "Feature", "geometry": {"type": "Polygon", "coordinates": [[[-105.9169708029197, -44.689655172413794], [-105.9580291970803, -44.741379310344826], [-105.87591240875912, -44.896551724137936], [-105.87591240875912, -45.20689655172413], [-105.9169708029197, -45.258620689655174], [-105.87591240875912, -45.310344827586206], [-105.87591240875912, -45.4655172413793], [-105.79379562043796, -45.56896551724138], [-105.79379562043796, -45.77586206896552], [-105.75273722627738, -45.77586206896552], [-105.6706204379562, -45.87931034482759], [-105.71167883211679, -45.93103448275862], [-105.6706204379562, -46.03448275862068], [-105.71167883211679, -46.241379310344826], [-105.6706204379562, -46.29310344827586], [-105.58850364963504, -46.29310344827586], [-105.50638686131387, -46.241379310344826], [-105.54744525547446, -46.189655172413794], [-105.50638686131387, -46.13793103448276], [-105.4242700729927, -46.13793103448276], [-105.50638686131387, -46.086206896551715], [-105.46532846715328, -46.03448275862068], [-105.21897810218978, -46.086206896551715], [-105.38321167883211, -46.03448275862068], [-105.4242700729927, -45.98275862068965], [-105.38321167883211, -45.93103448275862], [-105.58850364963504, -45.87931034482759], [-105.71167883211679, -45.72413793103449], [-105.62956204379562, -45.62068965517241], [-105.54744525547446, -45.72413793103449], [-105.46532846715328, -45.67241379310346], [-105.54744525547446, -45.67241379310346], [-105.6706204379562, -45.4655172413793], [-105.6706204379562, -45.258620689655174], [-105.75273722627738, -45.20689655172413], [-105.75273722627738, -45.0], [-105.83485401459853, -44.896551724137936], [-105.83485401459853, -44.741379310344826]]]}, "properties": {"id": 27, "altitude_m": 4000.0}},{"type": "Feature", "geometry": {"type": "Polygon", "coordinates": [[[-34.31113138686132, -42.103448275862064], [-34.22901459854015, -42.20689655172414], [-33.8594890510949, -42.258620689655174], [-33.73631386861314, -42.36206896551724], [-33.48996350364963, -42.41379310344827], [-33.20255474452554, -42.62068965517241], [-33.0793795620438, -42.56896551724137], [-33.03832116788321, -42.67241379310346], [-33.120437956204384, -42.77586206896552], [-32.79197080291971, -42.87931034482759], [-32.58667883211679, -43.0344827586207], [-32.2992700729927, -43.0344827586207], [-32.217153284671525, -43.13793103448276], [-32.09397810218978, -43.13793103448276], [-32.01186131386861, -43.241379310344826], [-31.847627737226276, -43.241379310344826], [-31.765510948905103, -43.34482758620689], [-31.765510948905103, -43.29310344827586], [-32.13503649635037, -43.08620689655173], [-32.17609489051094, -43.13793103448276], [-32.340328467153284, -42.93103448275862], [-32.42244525547446, -42.93103448275862], [-32.504562043795616, -42.827586206896555], [-32.627737226277375, -42.827586206896555], [-32.709854014598534, -42.72413793103449], [-32.915145985401466, -42.72413793103449], [-33.0793795620438, -42.517241379310335], [-33.3257299270073, -42.4655172413793], [-33.44890510948906, -42.36206896551724], [-33.53102189781022, -42.41379310344827], [-34.064781021897815, -42.103448275862064]]]}, "properties": {"id": 28, "altitude_m": 4000.0}},{"type": "Feature", "geometry": {"type": "Polygon", "coordinates": [[[-75.86222627737226, -41.53448275862068], [-75.32846715328466, -43.55172413793103], [-74.26094890510949, -44.12068965517241], [-74.54835766423358, -45.0], [-73.64507299270073, -45.155172413793096], [-74.13777372262774, -45.56896551724138], [-72.94708029197079, -45.36206896551724], [-74.87682481751825, -45.98275862068965], [-75.82116788321167, -45.41379310344827], [-75.5337591240876, -44.12068965517241], [-76.97080291970804, -43.810344827586206], [-77.21715328467153, -46.810344827586206], [-75.41058394160584, -46.758620689655174], [-76.68339416058394, -46.758620689655174], [-76.92974452554745, -47.79310344827586], [-77.17609489051095, -46.91379310344827], [-77.17609489051095, -48.31034482758622], [-73.68613138686132, -49.13793103448275], [-76.7655109489051, -49.396551724137936], [-76.43704379562044, -50.89655172413792], [-73.80930656934306, -51.258620689655174], [-70.85310218978103, -49.70689655172414], [-71.79744525547446, -50.63793103448276], [-70.6478102189781, -51.0], [-69.99087591240875, -48.93103448275862], [-72.49543795620437, -46.241379310344826], [-71.42791970802921, -45.51724137931035], [-71.30474452554745, -43.39655172413792], [-73.15237226277372, -42.62068965517241], [-73.07025547445255, -44.43103448275862], [-73.89142335766424, -44.79310344827587], [-73.7271897810219, -43.55172413793103]]]}, "properties": {"id": 29, "altitude_m": 4000.0}},{"type": "Feature", "geometry": {"type": "Polygon", "coordinates": [[[-98.64963503649635, -39.672413793103445], [-99.22445255474452, -40.34482758620689], [-99.96350364963504, -42.15517241379311], [-100.00456204379562, -43.86206896551724], [-99.92244525547446, -44.43103448275862], [-100.00456204379562, -44.94827586206897], [-99.63503649635037, -45.51724137931035], [-99.47080291970804, -45.36206896551724], [-99.38868613138686, -45.0], [-99.38868613138686, -44.01724137931035], [-99.18339416058394, -43.913793103448285], [-99.38868613138686, -43.810344827586206], [-99.30656934306569, -43.448275862068954], [-99.47080291970804, -43.39655172413792], [-99.47080291970804, -42.98275862068965], [-99.34762773722628, -42.93103448275862], [-99.30656934306569, -42.72413793103449], [-99.51186131386862, -42.56896551724137], [-99.22445255474452, -42.517241379310335], [-99.34762773722628, -42.4655172413793], [-99.18339416058394, -42.310344827586206], [-99.14233576642336, -42.4655172413793], [-99.34762773722628, -42.05172413793103], [-99.38868613138686, -41.27586206896552], [-99.30656934306569, -41.172413793103445], [-99.22445255474452, -41.27586206896552], [-98.97810218978103, -40.81034482758622], [-98.85492700729927, -40.913793103448285], [-98.93704379562044, -40.655172413793096]]]}, "properties": {"id": 30, "altitude_m": 4000.0}},{"type": "Feature", "geometry": {"type": "Polygon", "coordinates": [[[-106.36861313868613, -39.051724137931046], [-106.40967153284672, -39.15517241379311], [-106.08120437956204, -39.62068965517241], [-106.08120437956204, -39.93103448275863], [-105.83485401459853, -40.13793103448276], [-106.16332116788321, -40.08620689655173], [-106.24543795620438, -40.241379310344826], [-106.16332116788321, -40.44827586206897], [-105.83485401459853, -40.603448275862064], [-105.79379562043796, -41.12068965517241], [-105.9580291970803, -41.37931034482759], [-106.12226277372262, -41.37931034482759], [-106.2043795620438, -41.22413793103448], [-106.32755474452554, -41.27586206896552], [-106.32755474452554, -41.741379310344826], [-106.40967153284672, -41.79310344827587], [-106.24543795620438, -41.63793103448275], [-106.28649635036496, -42.20689655172414], [-106.12226277372262, -42.15517241379311], [-105.75273722627738, -42.62068965517241], [-105.83485401459853, -42.72413793103449], [-105.6706204379562, -42.67241379310346], [-105.62956204379562, -42.827586206896555], [-105.50638686131387, -42.62068965517241], [-105.54744525547446, -42.827586206896555], [-105.46532846715328, -42.93103448275862], [-105.54744525547446, -42.56896551724137], [-105.46532846715328, -42.517241379310335], [-105.58850364963504, -42.41379310344827], [-105.46532846715328, -42.20689655172414], [-105.13686131386861, -42.05172413793103], [-105.1779197080292, -41.741379310344826], [-105.09580291970804, -41.586206896551715], [-105.1779197080292, -41.53448275862068], [-105.01368613138686, -41.43103448275862], [-105.26003649635037, -41.22413793103448], [-105.09580291970804, -41.06896551724138], [-105.01368613138686, -41.12068965517241], [-105.1779197080292, -40.913793103448285], [-105.05474452554745, -40.655172413793096], [-105.34215328467154, -40.241379310344826], [-105.62956204379562, -40.241379310344826], [-105.71167883211679, -39.82758620689654], [-105.9169708029197, -39.77586206896551], [-106.12226277372262, -39.258620689655174], [-106.04014598540147, -39.20689655172414]]]}, "properties": {"id": 31, "altitude_m": 4000.0}},{"type": "Feature", "geometry": {"type": "Polygon", "coordinates": [[[-98.7728102189781, -40.55172413793103], [-98.32116788321167, -42.258620689655174], [-98.93704379562044, -45.827586206896555], [-95.57025547445255, -49.396551724137936], [-93.27098540145985, -49.344827586206904], [-95.85766423357664, -48.87931034482759], [-97.37682481751824, -46.44827586206897], [-94.46167883211679, -48.672413793103445], [-94.62591240875912, -47.896551724137936], [-92.77828467153284, -48.413793103448285], [-90.93065693430657, -47.22413793103448], [-92.44981751824818, -48.51724137931035], [-89.20620437956205, -47.94827586206897], [-89.00091240875912, -47.32758620689654], [-90.47901459854015, -47.22413793103448], [-88.26186131386862, -45.827586206896555], [-91.13594890510949, -45.98275862068965], [-93.80474452554745, -44.172413793103445], [-91.17700729927007, -42.87931034482759], [-94.7080291970803, -43.08620689655173], [-95.28284671532847, -44.172413793103445], [-96.43248175182481, -43.603448275862064], [-96.39142335766424, -44.48275862068965], [-97.62317518248176, -43.5], [-97.66423357664233, -41.63793103448275], [-96.4735401459854, -40.5], [-96.59671532846716, -38.327586206896555], [-97.86952554744525, -40.396551724137936], [-98.23905109489051, -39.62068965517241]]]}, "properties": {"id": 32, "altitude_m": 4000.0}},{"type": "Feature", "geometry": {"type": "Polygon", "coordinates": [[[-112.52737226277372, -38.27586206896552], [-112.36313868613139, -38.43103448275862], [-112.28102189781022, -38.37931034482759], [-112.23996350364963, -38.43103448275862], [-112.11678832116789, -38.43103448275862], [-112.0757299270073, -38.48275862068965], [-111.99361313868613, -38.48275862068965], [-111.95255474452554, -38.43103448275862], [-111.87043795620438, -38.48275862068965], [-111.70620437956204, -38.48275862068965], [-111.66514598540147, -38.43103448275862], [-111.5419708029197, -38.43103448275862], [-111.50091240875912, -38.37931034482759], [-111.33667883211679, -38.37931034482759], [-111.2956204379562, -38.43103448275862], [-111.17244525547446, -38.43103448275862], [-111.13138686131387, -38.37931034482759], [-111.17244525547446, -38.43103448275862], [-111.21350364963504, -38.37931034482759], [-111.37773722627738, -38.37931034482759], [-111.41879562043796, -38.327586206896555], [-111.45985401459853, -38.37931034482759], [-111.50091240875912, -38.327586206896555], [-111.70620437956204, -38.327586206896555], [-111.74726277372262, -38.27586206896552], [-111.74726277372262, -38.17241379310346], [-111.8293795620438, -38.06896551724138], [-111.95255474452554, -38.06896551724138], [-111.91149635036496, -38.12068965517241], [-111.91149635036496, -38.22413793103449], [-111.95255474452554, -38.27586206896552], [-112.0757299270073, -38.12068965517241], [-112.03467153284672, -38.06896551724138], [-112.19890510948905, -38.06896551724138], [-112.19890510948905, -38.12068965517241], [-112.28102189781022, -38.17241379310346], [-112.28102189781022, -38.22413793103449], [-112.36313868613139, -38.327586206896555], [-112.40419708029196, -38.27586206896552]]]}, "properties": {"id": 33, "altitude_m": 4000.0}},{"type": "Feature", "geometry": {"type": "Polygon", "coordinates": [[[-42.68704379562044, -36.62068965517241], [-41.98905109489051, -37.13793103448276], [-42.522810218978094, -36.93103448275862], [-42.522810218978094, -37.29310344827587], [-41.783759124087595, -37.655172413793096], [-41.783759124087595, -37.29310344827587], [-41.45529197080292, -37.655172413793096], [-41.70164233576642, -37.758620689655174], [-41.003649635036496, -38.06896551724138], [-40.88047445255475, -37.810344827586206], [-39.7308394160584, -38.43103448275862], [-40.14142335766424, -38.586206896551715], [-39.11496350364963, -38.94827586206897], [-38.82755474452554, -39.310344827586206], [-38.99178832116789, -39.41379310344827], [-35.54288321167883, -40.655172413793096], [-36.97992700729927, -39.77586206896551], [-36.65145985401459, -39.82758620689654], [-37.06204379562044, -39.56896551724138], [-36.528284671532845, -39.4655172413793], [-37.43156934306569, -38.741379310344826], [-37.71897810218978, -38.84482758620689], [-37.51368613138686, -38.53448275862068], [-36.897810218978094, -38.586206896551715], [-37.22627737226277, -38.06896551724138], [-37.1441605839416, -38.37931034482759], [-39.320255474452566, -37.55172413793103], [-39.11496350364963, -37.810344827586206], [-41.53740875912409, -36.258620689655174], [-41.25, -36.87931034482759]]]}, "properties": {"id": 34, "altitude_m": 4000.0}},{"type": "Feature", "geometry": {"type": "Polygon", "coordinates": [[[-112.19890510948905, -35.27586206896552], [-114.33394160583941, -38.01724137931035], [-114.29288321167883, -36.77586206896551], [-114.70346715328468, -37.70689655172413], [-115.11405109489051, -37.70689655172413], [-114.74452554744525, -37.396551724137936], [-114.99087591240875, -36.413793103448285], [-117.24908759124088, -38.84482758620689], [-117.61861313868613, -38.27586206896552], [-117.1669708029197, -37.70689655172413], [-118.11131386861314, -37.55172413793103], [-118.11131386861314, -39.982758620689665], [-117.86496350364963, -39.672413793103445], [-117.49543795620438, -40.29310344827586], [-117.61861313868613, -39.62068965517241], [-117.1669708029197, -39.36206896551724], [-116.79744525547446, -40.34482758620689], [-117.12591240875912, -40.0344827586207], [-117.33120437956204, -40.81034482758622], [-116.01733576642336, -42.103448275862064], [-115.60675182481752, -41.68965517241378], [-114.70346715328468, -42.05172413793103], [-114.74452554744525, -41.48275862068965], [-114.16970802919708, -41.12068965517241], [-113.06113138686132, -41.43103448275862], [-113.30748175182482, -40.86206896551725], [-112.15784671532847, -41.327586206896555], [-112.89689781021897, -40.86206896551725], [-112.36313868613139, -40.70689655172413], [-112.73266423357664, -40.189655172413794], [-112.11678832116789, -39.77586206896551], [-113.47171532846716, -39.258620689655174], [-112.56843065693431, -38.48275862068965], [-113.02007299270073, -37.603448275862064], [-111.91149635036496, -37.758620689655174], [-112.56843065693431, -37.396551724137936], [-112.11678832116789, -37.241379310344826], [-112.56843065693431, -36.51724137931035], [-112.15784671532847, -36.258620689655174]]]}, "properties": {"id": 35, "altitude_m": 4000.0}},{"type": "Feature", "geometry": {"type": "Polygon", "coordinates": [[[-94.58485401459853, -34.18965517241378], [-94.58485401459853, -34.241379310344826], [-94.6669708029197, -34.344827586206904], [-94.6669708029197, -34.5], [-94.7080291970803, -34.55172413793103], [-94.7080291970803, -34.65517241379311], [-94.74908759124088, -34.70689655172414], [-94.7080291970803, -34.70689655172414], [-94.6669708029197, -34.758620689655174], [-94.7080291970803, -34.91379310344827], [-94.6669708029197, -34.9655172413793], [-94.58485401459853, -34.86206896551724], [-94.54379562043795, -34.91379310344827], [-94.46167883211679, -34.91379310344827], [-94.4206204379562, -34.9655172413793], [-94.4206204379562, -34.91379310344827], [-94.37956204379563, -34.86206896551724], [-94.29744525547446, -34.9655172413793], [-94.25638686131387, -34.810344827586206], [-94.1742700729927, -34.70689655172414], [-94.13321167883211, -34.758620689655174], [-94.13321167883211, -34.70689655172414], [-94.1742700729927, -34.70689655172414], [-94.21532846715328, -34.65517241379311], [-94.1742700729927, -34.603448275862064], [-94.05109489051095, -34.55172413793103], [-94.09215328467153, -34.5], [-94.09215328467153, -34.344827586206904], [-94.1742700729927, -34.344827586206904], [-94.21532846715328, -34.29310344827587], [-94.21532846715328, -34.241379310344826], [-94.1742700729927, -34.18965517241378], [-94.21532846715328, -34.18965517241378], [-94.25638686131387, -34.241379310344826], [-94.37956204379563, -34.18965517241378], [-94.46167883211679, -34.344827586206904], [-94.50273722627738, -34.29310344827587], [-94.50273722627738, -34.18965517241378]]]}, "properties": {"id": 36, "altitude_m": 4000.0}},{"type": "Feature", "geometry": {"type": "Polygon", "coordinates": [[[-49.1742700729927, -33.56896551724138], [-49.13321167883211, -33.62068965517241], [-49.29744525547446, -33.77586206896552], [-49.29744525547446, -33.87931034482759], [-49.215328467153284, -33.87931034482759], [-49.1742700729927, -33.98275862068965], [-49.092153284671525, -33.98275862068965], [-48.96897810218978, -34.13793103448275], [-48.96897810218978, -34.18965517241378], [-49.05109489051094, -34.241379310344826], [-48.804744525547434, -34.44827586206897], [-48.722627737226276, -34.603448275862064], [-48.599452554744516, -34.65517241379311], [-48.47627737226277, -34.91379310344827], [-48.10675182481752, -35.22413793103449], [-47.98357664233576, -35.22413793103449], [-48.02463503649635, -35.17241379310346], [-47.942518248175176, -35.06896551724137], [-47.90145985401459, -35.12068965517241], [-47.778284671532845, -35.12068965517241], [-47.778284671532845, -35.017241379310335], [-47.98357664233576, -34.91379310344827], [-48.02463503649635, -34.810344827586206], [-48.18886861313868, -34.65517241379311], [-48.3941605839416, -34.603448275862064], [-48.435218978102185, -34.55172413793103], [-48.435218978102185, -34.29310344827587], [-48.47627737226277, -34.29310344827587], [-48.435218978102185, -34.344827586206904], [-48.47627737226277, -34.44827586206897], [-48.558394160583944, -34.29310344827587], [-48.6405109489051, -34.241379310344826], [-48.599452554744516, -34.18965517241378], [-48.76368613138686, -34.03448275862068], [-48.84580291970802, -34.03448275862068], [-48.927919708029194, -33.87931034482759], [-48.96897810218978, -33.93103448275862], [-49.05109489051094, -33.827586206896555], [-49.092153284671525, -33.62068965517241]]]}, "properties": {"id": 37, "altitude_m": 4000.0}},{"type": "Feature", "geometry": {"type": "Polygon", "coordinates": [[[-40.55200729927007, -32.741379310344826], [-40.51094890510949, -32.79310344827586], [-40.55200729927007, -32.896551724137936], [-40.30565693430657, -33.103448275862064], [-40.346715328467155, -33.155172413793096], [-40.26459854014598, -33.413793103448285], [-40.14142335766424, -33.36206896551725], [-40.10036496350365, -33.258620689655174], [-39.977189781021906, -33.31034482758622], [-39.93613138686132, -33.258620689655174], [-39.85401459854015, -33.31034482758622], [-39.89507299270073, -33.258620689655174], [-39.81295620437956, -33.155172413793096], [-39.64872262773723, -33.31034482758622], [-39.689781021897815, -33.36206896551725], [-39.566605839416056, -33.31034482758622], [-39.44343065693431, -33.413793103448285], [-39.566605839416056, -33.62068965517241], [-39.60766423357664, -33.56896551724138], [-39.566605839416056, -33.77586206896552], [-39.525547445255484, -33.72413793103448], [-39.4844890510949, -33.77586206896552], [-39.525547445255484, -33.51724137931035], [-39.44343065693431, -33.413793103448285], [-39.36131386861314, -33.413793103448285], [-39.36131386861314, -33.31034482758622], [-39.402372262773724, -33.20689655172413], [-39.525547445255484, -33.155172413793096], [-39.689781021897815, -32.896551724137936], [-39.77189781021899, -32.896551724137936], [-39.81295620437956, -32.79310344827586], [-39.89507299270073, -32.79310344827586], [-39.85401459854015, -32.84482758620689], [-39.977189781021906, -32.94827586206897], [-40.059306569343065, -33.103448275862064], [-40.14142335766424, -33.0], [-40.10036496350365, -32.94827586206897], [-40.14142335766424, -32.896551724137936], [-40.22354014598541, -32.94827586206897], [-40.30565693430657, -32.84482758620689], [-40.30565693430657, -32.689655172413794], [-40.38777372262774, -32.689655172413794], [-40.38777372262774, -32.84482758620689], [-40.42883211678833, -32.896551724137936]]]}, "properties": {"id": 38, "altitude_m": 4000.0}},{"type": "Feature", "geometry": {"type": "Polygon", "coordinates": [[[-96.02189781021897, -32.172413793103445], [-96.51459854014598, -32.5344827586207], [-96.51459854014598, -32.741379310344826], [-96.30930656934306, -32.741379310344826], [-96.55565693430657, -33.0], [-96.35036496350365, -32.94827586206897], [-96.4735401459854, -33.258620689655174], [-96.39142335766424, -33.56896551724138], [-96.30930656934306, -33.46551724137932], [-96.18613138686132, -33.672413793103445], [-96.06295620437956, -33.51724137931035], [-96.10401459854015, -33.93103448275862], [-96.26824817518248, -33.827586206896555], [-96.22718978102189, -34.086206896551715], [-96.80200729927007, -34.603448275862064], [-96.7198905109489, -34.758620689655174], [-96.88412408759123, -35.89655172413792], [-97.21259124087592, -36.413793103448285], [-96.9662408759124, -36.413793103448285], [-97.04835766423358, -36.62068965517241], [-96.92518248175182, -36.62068965517241], [-96.84306569343066, -36.93103448275862], [-97.33576642335765, -37.758620689655174], [-97.17153284671534, -37.86206896551724], [-97.17153284671534, -38.06896551724138], [-97.33576642335765, -38.12068965517241], [-97.21259124087592, -38.17241379310346], [-96.55565693430657, -37.241379310344826], [-96.39142335766424, -36.258620689655174], [-96.06295620437956, -35.48275862068965], [-96.10401459854015, -34.70689655172414], [-95.81660583941606, -34.396551724137936], [-95.93978102189782, -34.396551724137936], [-95.93978102189782, -34.18965517241378], [-95.77554744525547, -34.086206896551715], [-95.69343065693431, -33.72413793103448], [-95.77554744525547, -33.258620689655174], [-95.57025547445255, -33.20689655172413], [-95.61131386861314, -32.896551724137936], [-95.81660583941606, -33.05172413793103], [-95.85766423357664, -32.84482758620689], [-95.93978102189782, -33.103448275862064], [-96.02189781021897, -32.896551724137936], [-96.10401459854015, -33.05172413793103], [-96.26824817518248, -32.94827586206897], [-95.93978102189782, -32.482758620689665]]]}, "properties": {"id": 39, "altitude_m": 4000.0}},{"type": "Feature", "geometry": {"type": "Polygon", "coordinates": [[[-90.76642335766424, -30.67241379310346], [-91.99817518248176, -31.241379310344826], [-91.6286496350365, -35.48275862068965], [-92.86040145985402, -36.103448275862064], [-93.02463503649635, -35.017241379310335], [-95.65237226277372, -37.08620689655173], [-95.40602189781022, -38.17241379310346], [-94.33850364963504, -38.06896551724138], [-95.32390510948905, -39.051724137931046], [-92.16240875912408, -40.86206896551725], [-95.40602189781022, -41.48275862068965], [-94.58485401459853, -42.20689655172414], [-90.68430656934306, -41.94827586206897], [-92.03923357664235, -41.12068965517241], [-90.88959854014598, -40.29310344827586], [-92.24452554744525, -40.758620689655174], [-92.36770072992701, -39.62068965517241], [-93.84580291970804, -39.672413793103445], [-93.35310218978103, -38.37931034482759], [-94.79014598540147, -37.344827586206904], [-93.84580291970804, -36.56896551724138], [-93.22992700729927, -37.91379310344827], [-92.24452554744525, -37.5], [-90.47901459854015, -34.086206896551715], [-92.08029197080292, -38.17241379310346], [-91.13594890510949, -38.63793103448276], [-91.30018248175182, -37.603448275862064], [-89.37043795620437, -36.46551724137932], [-89.16514598540147, -35.17241379310346], [-90.02737226277372, -35.63793103448276], [-89.49361313868613, -34.70689655172414], [-90.3558394160584, -34.5], [-90.31478102189782, -33.103448275862064], [-91.13594890510949, -32.482758620689665], [-90.43795620437956, -32.01724137931035]]]}, "properties": {"id": 40, "altitude_m": 4000.0}},{"type": "Feature", "geometry": {"type": "Polygon", "coordinates": [[[-39.44343065693431, -30.827586206896555], [-39.44343065693431, -30.879310344827587], [-39.27919708029198, -30.98275862068965], [-39.15602189781022, -30.98275862068965], [-39.032846715328475, -31.13793103448276], [-38.86861313868613, -31.241379310344826], [-38.745437956204384, -31.086206896551715], [-38.7043795620438, -31.086206896551715], [-38.66332116788321, -31.13793103448276], [-38.66332116788321, -31.34482758620689], [-38.622262773722625, -31.34482758620689], [-38.540145985401466, -31.5], [-38.45802919708029, -31.34482758620689], [-38.37591240875912, -31.5], [-38.334854014598534, -31.448275862068968], [-38.252737226277375, -31.5], [-38.1706204379562, -31.448275862068968], [-38.21167883211679, -31.396551724137936], [-38.21167883211679, -31.241379310344826], [-38.129562043795616, -31.13793103448276], [-38.37591240875912, -30.98275862068965], [-38.45802919708029, -30.98275862068965], [-38.540145985401466, -31.13793103448276], [-38.622262773722625, -30.98275862068965], [-38.78649635036497, -30.98275862068965], [-38.99178832116789, -30.879310344827587], [-39.11496350364963, -30.67241379310346], [-39.032846715328475, -30.56896551724138], [-38.9507299270073, -30.620689655172413], [-38.9507299270073, -30.51724137931035], [-39.07390510948906, -30.620689655172413], [-39.15602189781022, -30.620689655172413], [-39.197080291970806, -30.56896551724138], [-39.15602189781022, -30.620689655172413], [-39.23813868613139, -30.72413793103449], [-39.36131386861314, -30.72413793103449], [-39.320255474452566, -30.775862068965523], [-39.402372262773724, -30.879310344827587]]]}, "properties": {"id": 41, "altitude_m": 4000.0}},{"type": "Feature", "geometry": {"type": "Polygon", "coordinates": [[[-35.83029197080292, -29.172413793103445], [-35.83029197080292, -29.224137931034477], [-35.70711678832117, -29.32758620689654], [-35.748175182481745, -29.43103448275862], [-35.78923357664233, -29.379310344827587], [-35.91240875912409, -29.379310344827587], [-35.83029197080292, -29.534482758620697], [-35.748175182481745, -29.534482758620697], [-35.70711678832117, -29.48275862068965], [-35.748175182481745, -29.43103448275862], [-35.625, -29.32758620689654], [-35.501824817518255, -29.534482758620697], [-35.625, -29.63793103448276], [-35.70711678832117, -29.63793103448276], [-35.666058394160586, -29.689655172413794], [-35.583941605839414, -29.63793103448276], [-35.33759124087591, -29.896551724137936], [-35.25547445255475, -29.896551724137936], [-35.17335766423358, -30.0], [-34.96806569343066, -29.948275862068968], [-34.92700729927007, -30.051724137931032], [-34.8448905109489, -30.103448275862064], [-34.76277372262774, -30.051724137931032], [-34.63959854014598, -30.155172413793096], [-34.59854014598541, -30.051724137931032], [-34.68065693430657, -29.948275862068968], [-34.8448905109489, -29.948275862068968], [-34.92700729927007, -29.844827586206904], [-35.05018248175183, -29.844827586206904], [-35.13229927007299, -29.689655172413794], [-35.25547445255475, -29.793103448275872], [-35.33759124087591, -29.793103448275872], [-35.41970802919708, -29.689655172413794], [-35.33759124087591, -29.63793103448276], [-35.25547445255475, -29.43103448275862], [-35.378649635036496, -29.32758620689654], [-35.33759124087591, -29.379310344827587], [-35.41970802919708, -29.43103448275862], [-35.625, -29.27586206896551], [-35.666058394160586, -29.172413793103445], [-35.70711678832117, -29.27586206896551]]]}, "properties": {"id": 42, "altitude_m": 4000.0}},{"type": "Feature", "geometry": {"type": "Polygon", "coordinates": [[[-37.43156934306569, -29.32758620689654], [-37.3905109489051, -29.379310344827587], [-37.3905109489051, -29.48275862068965], [-37.308394160583944, -29.58620689655173], [-37.185218978102185, -29.58620689655173], [-37.1441605839416, -29.63793103448276], [-37.10310218978101, -29.63793103448276], [-37.06204379562044, -29.58620689655173], [-37.02098540145985, -29.63793103448276], [-36.85675182481752, -29.63793103448276], [-36.77463503649635, -29.741379310344826], [-36.73357664233576, -29.741379310344826], [-36.73357664233576, -29.58620689655173], [-36.815693430656935, -29.48275862068965], [-36.815693430656935, -29.43103448275862], [-36.85675182481752, -29.379310344827587], [-36.85675182481752, -29.32758620689654], [-36.897810218978094, -29.27586206896551], [-36.897810218978094, -29.224137931034477], [-36.93886861313868, -29.172413793103445], [-37.02098540145985, -29.172413793103445], [-37.06204379562044, -29.224137931034477], [-37.185218978102185, -29.224137931034477], [-37.22627737226277, -29.172413793103445], [-37.26733576642336, -29.172413793103445], [-37.349452554744516, -29.27586206896551], [-37.3905109489051, -29.27586206896551]]]}, "properties": {"id": 43, "altitude_m": 4000.0}},{"type": "Feature", "geometry": {"type": "Polygon", "coordinates": [[[-30.739051094890513, -42.103448275862064], [-30.7801094890511, -38.689655172413794], [-31.43704379562044, -39.310344827586206], [-31.60127737226277, -38.17241379310346], [-30.697992700729927, -36.46551724137932], [-32.052919708029194, -35.27586206896552], [-31.354927007299267, -34.29310344827587], [-30.821167883211672, -35.017241379310335], [-31.80656934306569, -35.689655172413794], [-30.739051094890513, -36.36206896551724], [-30.739051094890513, -29.01724137931035], [-32.2992700729927, -30.155172413793096], [-34.92700729927007, -29.58620689655173], [-32.79197080291971, -30.465517241379303], [-33.3257299270073, -31.551724137931046], [-34.92700729927007, -31.086206896551715], [-32.709854014598534, -31.810344827586206], [-33.8594890510949, -33.155172413793096], [-33.65419708029198, -34.603448275862064], [-38.37591240875912, -34.70689655172414], [-41.496350364963504, -33.51724137931035], [-44.28832116788321, -30.93103448275862], [-41.94799270072993, -33.827586206896555], [-42.07116788321167, -34.70689655172414], [-43.179744525547434, -33.98275862068965], [-44.3293795620438, -34.65517241379311], [-36.897810218978094, -37.810344827586206], [-35.83029197080292, -39.258620689655174], [-35.99452554744525, -37.55172413793103], [-34.68065693430657, -39.672413793103445]]]}, "properties": {"id": 44, "altitude_m": 4000.0}},{"type": "Feature", "geometry": {"type": "Polygon", "coordinates": [[[-92.44981751824818, -28.706896551724142], [-92.94251824817519, -29.224137931034477], [-92.9014598540146, -29.58620689655173], [-93.18886861313868, -29.534482758620697], [-93.43521897810218, -29.948275862068968], [-93.22992700729927, -29.948275862068968], [-93.43521897810218, -30.103448275862064], [-93.27098540145985, -30.310344827586206], [-93.51733576642336, -30.775862068965523], [-93.3941605839416, -30.775862068965523], [-93.59945255474453, -31.448275862068968], [-93.22992700729927, -31.13793103448276], [-93.35310218978103, -31.551724137931046], [-93.18886861313868, -31.60344827586208], [-93.14781021897811, -31.965517241379303], [-93.02463503649635, -31.91379310344827], [-93.02463503649635, -32.741379310344826], [-92.6551094890511, -32.43103448275863], [-92.36770072992701, -31.758620689655174], [-92.4087591240876, -31.293103448275858], [-91.91605839416059, -30.879310344827587], [-91.75182481751824, -30.258620689655174], [-91.875, -29.58620689655173], [-91.875, -29.896551724137936], [-92.24452554744525, -30.310344827586206], [-92.1213503649635, -30.36206896551724], [-92.20346715328466, -30.620689655172413], [-91.99817518248176, -30.67241379310346], [-92.44981751824818, -31.293103448275858], [-92.53193430656934, -30.827586206896555], [-92.32664233576642, -30.620689655172413], [-92.36770072992701, -30.41379310344827], [-92.57299270072993, -31.086206896551715], [-92.73722627737226, -31.13793103448276], [-92.6551094890511, -31.34482758620689], [-93.02463503649635, -31.91379310344827], [-93.14781021897811, -31.758620689655174], [-92.86040145985402, -30.67241379310346], [-92.36770072992701, -29.741379310344826], [-92.44981751824818, -29.379310344827587], [-92.20346715328466, -29.120689655172413]]]}, "properties": {"id": 45, "altitude_m": 4000.0}},{"type": "Feature", "geometry": {"type": "Polygon", "coordinates": [[[-42.48175182481752, -26.534482758620683], [-42.19434306569343, -26.68965517241378], [-42.27645985401459, -26.844827586206904], [-41.496350364963504, -26.948275862068968], [-41.61952554744525, -27.36206896551724], [-41.783759124087595, -27.258620689655174], [-41.41423357664233, -27.620689655172413], [-41.70164233576642, -27.72413793103449], [-41.04470802919708, -27.620689655172413], [-41.291058394160586, -27.827586206896555], [-40.88047445255475, -27.93103448275862], [-40.059306569343065, -29.06896551724138], [-40.182481751824824, -28.758620689655174], [-39.977189781021906, -28.603448275862064], [-40.182481751824824, -28.39655172413792], [-39.689781021897815, -28.34482758620689], [-39.402372262773724, -28.758620689655174], [-39.64872262773723, -28.706896551724142], [-39.60766423357664, -28.913793103448285], [-39.032846715328475, -29.120689655172413], [-38.9507299270073, -29.43103448275862], [-38.82755474452554, -29.27586206896551], [-39.27919708029198, -28.86206896551724], [-39.11496350364963, -28.603448275862064], [-39.320255474452566, -28.65517241379311], [-39.23813868613139, -28.448275862068954], [-38.66332116788321, -28.965517241379317], [-37.51368613138686, -29.43103448275862], [-37.677919708029194, -29.27586206896551], [-37.349452554744516, -28.913793103448285], [-37.472627737226276, -28.65517241379311], [-37.51368613138686, -29.01724137931035], [-37.842153284671525, -28.86206896551724], [-37.965328467153284, -29.06896551724138], [-38.1706204379562, -28.551724137931032], [-38.41697080291971, -28.706896551724142], [-38.66332116788321, -28.08620689655173], [-38.86861313868613, -28.241379310344826], [-38.7043795620438, -28.5], [-39.197080291970806, -28.13793103448276], [-39.197080291970806, -28.39655172413792], [-39.44343065693431, -28.5], [-39.81295620437956, -27.98275862068965], [-40.059306569343065, -28.08620689655173], [-41.25, -27.15517241379311], [-41.291058394160586, -26.844827586206904], [-41.90693430656934, -26.896551724137936], [-42.27645985401459, -26.379310344827587]]]}, "properties": {"id": 46, "altitude_m": 4000.0}},{"type": "Feature", "geometry": {"type": "Polygon", "coordinates": [[[-93.47627737226277, -25.913793103448285], [-93.80474452554745, -25.913793103448285], [-93.88686131386862, -26.120689655172413], [-94.01003649635037, -26.06896551724138], [-94.09215328467153, -26.327586206896555], [-94.1742700729927, -26.275862068965523], [-94.09215328467153, -26.379310344827587], [-94.13321167883211, -26.534482758620683], [-93.9279197080292, -26.637931034482747], [-94.09215328467153, -26.741379310344826], [-94.01003649635037, -26.793103448275872], [-94.05109489051095, -26.896551724137936], [-94.21532846715328, -26.896551724137936], [-94.01003649635037, -27.051724137931032], [-94.01003649635037, -27.206896551724142], [-94.13321167883211, -27.258620689655174], [-94.05109489051095, -27.310344827586206], [-94.13321167883211, -27.775862068965523], [-94.01003649635037, -27.72413793103449], [-93.9279197080292, -27.879310344827587], [-93.84580291970804, -27.67241379310346], [-93.76368613138686, -27.775862068965523], [-93.80474452554745, -27.879310344827587], [-93.68156934306569, -27.98275862068965], [-93.6405109489051, -27.827586206896555], [-93.80474452554745, -27.72413793103449], [-93.68156934306569, -27.67241379310346], [-93.76368613138686, -27.465517241379303], [-93.59945255474453, -27.310344827586206], [-93.6405109489051, -27.051724137931032], [-93.55839416058394, -27.0], [-93.6405109489051, -26.948275862068968], [-93.59945255474453, -26.741379310344826], [-93.68156934306569, -26.741379310344826], [-93.72262773722628, -26.586206896551715], [-93.55839416058394, -26.43103448275862], [-93.6405109489051, -26.379310344827587], [-93.6405109489051, -26.48275862068965], [-93.80474452554745, -26.637931034482747], [-93.88686131386862, -26.534482758620683], [-93.80474452554745, -26.43103448275862], [-93.84580291970804, -26.379310344827587], [-93.88686131386862, -26.48275862068965], [-93.96897810218978, -26.379310344827587], [-93.84580291970804, -26.120689655172413], [-93.76368613138686, -26.224137931034477], [-93.6405109489051, -26.01724137931035], [-93.51733576642336, -26.120689655172413], [-93.55839416058394, -26.224137931034477], [-93.31204379562044, -26.172413793103445], [-93.31204379562044, -26.327586206896555], [-93.22992700729927, -26.06896551724138], [-93.27098540145985, -25.965517241379317], [-93.3941605839416, -26.120689655172413], [-93.3941605839416, -25.965517241379317]]]}, "properties": {"id": 47, "altitude_m": 4000.0}},{"type": "Feature", "geometry": {"type": "Polygon", "coordinates": [[[-92.57299270072993, -24.931034482758633], [-92.81934306569343, -26.01724137931035], [-92.57299270072993, -26.06896551724138], [-92.28558394160584, -27.103448275862064], [-91.91605839416059, -27.258620689655174], [-91.95711678832117, -28.08620689655173], [-91.79288321167883, -27.72413793103449], [-91.46441605839416, -27.93103448275862], [-91.6286496350365, -28.241379310344826], [-91.46441605839416, -28.603448275862064], [-90.68430656934306, -29.172413793103445], [-90.93065693430657, -29.43103448275862], [-91.21806569343066, -29.120689655172413], [-91.25912408759123, -29.948275862068968], [-91.01277372262774, -29.948275862068968], [-91.05383211678833, -29.48275862068965], [-90.64324817518248, -29.43103448275862], [-91.13594890510949, -30.258620689655174], [-90.93065693430657, -30.258620689655174], [-91.01277372262774, -30.56896551724138], [-90.3558394160584, -30.103448275862064], [-90.52007299270073, -29.844827586206904], [-90.15054744525547, -29.534482758620697], [-90.31478102189782, -29.43103448275862], [-90.02737226277372, -29.27586206896551], [-90.52007299270073, -29.58620689655173], [-90.15054744525547, -28.65517241379311], [-90.43795620437956, -29.06896551724138], [-90.56113138686132, -28.810344827586206], [-90.27372262773723, -28.241379310344826], [-90.64324817518248, -28.189655172413794], [-90.39689781021897, -27.310344827586206], [-90.97171532846716, -27.15517241379311], [-90.64324817518248, -26.741379310344826], [-91.01277372262774, -26.948275862068968], [-91.38229927007299, -26.120689655172413], [-91.66970802919708, -26.172413793103445], [-91.6286496350365, -27.051724137931032], [-91.3412408759124, -27.41379310344827], [-91.6286496350365, -27.98275862068965], [-91.99817518248176, -26.48275862068965], [-92.44981751824818, -25.862068965517253], [-92.69616788321167, -25.913793103448285], [-92.28558394160584, -25.08620689655173]]]}, "properties": {"id": 48, "altitude_m": 4000.0}},{"type": "Feature", "geometry": {"type": "Polygon", "coordinates": [[[-91.3412408759124, -24.56896551724138], [-91.46441605839416, -24.672413793103445], [-91.58759124087592, -24.620689655172413], [-91.54653284671534, -24.672413793103445], [-91.58759124087592, -24.724137931034477], [-91.50547445255475, -24.672413793103445], [-91.46441605839416, -24.77586206896551], [-91.58759124087592, -24.879310344827587], [-91.75182481751824, -24.879310344827587], [-91.71076642335765, -24.931034482758633], [-91.75182481751824, -25.08620689655173], [-91.95711678832117, -25.034482758620697], [-91.95711678832117, -25.241379310344826], [-92.03923357664235, -25.396551724137936], [-91.875, -25.5], [-91.95711678832117, -25.603448275862064], [-92.03923357664235, -25.5], [-92.08029197080292, -25.551724137931032], [-92.03923357664235, -25.706896551724128], [-91.91605839416059, -25.655172413793096], [-91.83394160583941, -25.551724137931032], [-91.6286496350365, -25.551724137931032], [-91.58759124087592, -25.603448275862064], [-91.71076642335765, -25.706896551724128], [-91.79288321167883, -25.913793103448285], [-91.6286496350365, -25.913793103448285], [-91.50547445255475, -25.81034482758622], [-91.50547445255475, -25.758620689655174], [-91.58759124087592, -25.706896551724128], [-91.6286496350365, -25.396551724137936], [-91.79288321167883, -25.293103448275858], [-91.66970802919708, -25.241379310344826], [-91.75182481751824, -25.13793103448276], [-91.66970802919708, -25.034482758620697], [-91.6286496350365, -25.08620689655173], [-91.46441605839416, -25.08620689655173], [-91.50547445255475, -25.034482758620697], [-91.30018248175182, -24.672413793103445]]]}, "properties": {"id": 49, "altitude_m": 4000.0}},{"type": "Feature", "geometry": {"type": "Polygon", "coordinates": [[[-49.092153284671525, -24.465517241379303], [-49.092153284671525, -24.620689655172413], [-49.1742700729927, -24.82758620689654], [-49.092153284671525, -24.77586206896551], [-48.96897810218978, -24.879310344827587], [-48.88686131386861, -24.82758620689654], [-48.84580291970802, -24.879310344827587], [-48.88686131386861, -25.034482758620697], [-48.68156934306569, -25.13793103448276], [-48.88686131386861, -25.396551724137936], [-48.84580291970802, -25.448275862068968], [-48.88686131386861, -25.396551724137936], [-48.84580291970802, -25.34482758620689], [-48.722627737226276, -25.34482758620689], [-48.68156934306569, -25.396551724137936], [-48.722627737226276, -25.551724137931032], [-48.599452554744516, -25.551724137931032], [-48.68156934306569, -25.5], [-48.6405109489051, -25.448275862068968], [-48.47627737226277, -25.448275862068968], [-48.435218978102185, -25.5], [-48.47627737226277, -25.603448275862064], [-48.3941605839416, -25.551724137931032], [-48.31204379562044, -25.706896551724128], [-48.35310218978101, -25.81034482758622], [-48.31204379562044, -25.758620689655174], [-48.27098540145985, -25.81034482758622], [-48.35310218978101, -26.06896551724138], [-48.147810218978094, -26.172413793103445], [-48.10675182481752, -26.120689655172413], [-48.147810218978094, -25.965517241379317], [-48.10675182481752, -25.81034482758622], [-48.18886861313868, -25.758620689655174], [-48.22992700729927, -25.603448275862064], [-48.18886861313868, -25.551724137931032], [-48.31204379562044, -25.293103448275858], [-48.3941605839416, -25.34482758620689], [-48.47627737226277, -25.293103448275858], [-48.558394160583944, -25.396551724137936], [-48.6405109489051, -25.293103448275858], [-48.68156934306569, -25.034482758620697], [-48.804744525547434, -24.982758620689665], [-48.76368613138686, -24.82758620689654], [-48.927919708029194, -24.672413793103445], [-48.88686131386861, -24.56896551724138], [-48.927919708029194, -24.724137931034477], [-49.01003649635037, -24.77586206896551], [-49.092153284671525, -24.620689655172413]]]}, "properties": {"id": 50, "altitude_m": 4000.0}},{"type": "Feature", "geometry": {"type": "Polygon", "coordinates": [[[-44.12408759124088, -24.41379310344827], [-44.12408759124088, -24.56896551724138], [-44.08302919708029, -24.465517241379303], [-44.00091240875912, -24.56896551724138], [-44.165145985401466, -24.77586206896551], [-44.08302919708029, -24.879310344827587], [-44.00091240875912, -24.724137931034477], [-43.877737226277375, -24.82758620689654], [-43.959854014598534, -25.241379310344826], [-43.7956204379562, -25.396551724137936], [-43.590328467153284, -25.396551724137936], [-43.754562043795616, -25.758620689655174], [-43.50821167883211, -25.655172413793096], [-43.5492700729927, -25.913793103448285], [-43.467153284671525, -25.706896551724128], [-43.34397810218978, -25.706896551724128], [-43.34397810218978, -26.275862068965523], [-43.22080291970802, -26.379310344827587], [-43.302919708029194, -26.275862068965523], [-43.13868613138686, -26.224137931034477], [-43.13868613138686, -26.586206896551715], [-42.974452554744516, -26.741379310344826], [-42.85127737226277, -26.68965517241378], [-42.317518248175176, -27.310344827586206], [-42.317518248175176, -27.568965517241367], [-42.153284671532845, -27.517241379310335], [-42.23540145985402, -27.103448275862064], [-42.48175182481752, -26.948275862068968], [-42.39963503649635, -26.844827586206904], [-43.0155109489051, -26.172413793103445], [-43.0155109489051, -25.965517241379317], [-42.810218978102185, -26.01724137931035], [-42.933394160583944, -25.913793103448285], [-42.89233576642336, -25.81034482758622], [-43.097627737226276, -25.551724137931032], [-43.22080291970802, -25.603448275862064], [-43.34397810218978, -25.396551724137936], [-43.5492700729927, -25.34482758620689], [-43.590328467153284, -25.13793103448276], [-43.71350364963503, -25.08620689655173], [-43.467153284671525, -25.034482758620697], [-43.754562043795616, -24.879310344827587], [-43.7956204379562, -24.672413793103445], [-43.877737226277375, -24.672413793103445], [-44.00091240875912, -24.41379310344827]]]}, "properties": {"id": 51, "altitude_m": 4000.0}},{"type": "Feature", "geometry": {"type": "Polygon", "coordinates": [[[-45.602189781021906, -22.655172413793096], [-45.47901459854015, -22.965517241379303], [-45.52007299270073, -23.17241379310346], [-45.39689781021899, -23.22413793103449], [-45.314781021897815, -23.01724137931035], [-45.23266423357664, -22.965517241379303], [-45.191605839416056, -23.120689655172413], [-45.1094890510949, -23.17241379310346], [-45.1094890510949, -23.327586206896555], [-45.06843065693431, -23.379310344827587], [-45.150547445255484, -23.63793103448276], [-45.06843065693431, -23.586206896551715], [-44.98631386861314, -23.793103448275858], [-44.822080291970806, -24.0], [-44.78102189781022, -23.948275862068968], [-44.822080291970806, -23.84482758620689], [-44.73996350364963, -23.741379310344826], [-44.657846715328475, -23.948275862068968], [-44.69890510948906, -24.051724137931046], [-44.5757299270073, -24.206896551724142], [-44.61678832116789, -24.10344827586208], [-44.5757299270073, -24.051724137931046], [-44.5757299270073, -23.793103448275858], [-44.49361313868613, -23.741379310344826], [-44.61678832116789, -23.793103448275858], [-44.69890510948906, -23.689655172413794], [-44.657846715328475, -23.63793103448276], [-44.657846715328475, -23.43103448275862], [-44.822080291970806, -23.17241379310346], [-44.86313868613139, -23.17241379310346], [-45.06843065693431, -22.91379310344827], [-45.027372262773724, -22.86206896551724], [-45.150547445255484, -22.810344827586206], [-45.150547445255484, -22.706896551724128], [-45.27372262773723, -22.706896551724128], [-45.314781021897815, -22.758620689655174], [-45.39689781021899, -22.655172413793096], [-45.52007299270073, -22.706896551724128]]]}, "properties": {"id": 52, "altitude_m": 4000.0}},{"type": "Feature", "geometry": {"type": "Polygon", "coordinates": [[[-41.61952554744525, -22.241379310344826], [-41.61952554744525, -23.06896551724138], [-41.53740875912409, -22.91379310344827], [-41.373175182481745, -22.965517241379303], [-41.208941605839414, -23.48275862068965], [-40.92153284671532, -23.689655172413794], [-41.16788321167883, -23.896551724137936], [-41.04470802919708, -24.36206896551724], [-40.79835766423358, -24.41379310344827], [-40.55200729927007, -24.310344827586206], [-40.59306569343066, -24.051724137931046], [-40.42883211678833, -24.206896551724142], [-40.14142335766424, -24.051724137931046], [-39.977189781021906, -24.206896551724142], [-40.14142335766424, -24.724137931034477], [-40.01824817518248, -24.879310344827587], [-39.64872262773723, -24.879310344827587], [-39.77189781021899, -24.879310344827587], [-39.81295620437956, -24.672413793103445], [-40.01824817518248, -24.51724137931035], [-39.81295620437956, -24.36206896551724], [-39.689781021897815, -23.948275862068968], [-39.7308394160584, -24.051724137931046], [-39.85401459854015, -23.948275862068968], [-39.89507299270073, -24.15517241379311], [-40.01824817518248, -23.793103448275858], [-40.182481751824824, -23.896551724137936], [-40.51094890510949, -23.793103448275858], [-40.634124087591246, -23.586206896551715], [-40.96259124087591, -23.63793103448276], [-40.92153284671532, -23.43103448275862], [-40.634124087591246, -23.379310344827587], [-40.839416058394164, -23.120689655172413], [-41.25, -23.22413793103449], [-41.16788321167883, -23.01724137931035], [-41.33211678832117, -22.810344827586206], [-41.291058394160586, -22.5], [-41.57846715328468, -22.603448275862064], [-41.45529197080292, -22.344827586206904]]]}, "properties": {"id": 53, "altitude_m": 4000.0}},{"type": "Feature", "geometry": {"type": "Polygon", "coordinates": [[[-44.3293795620438, -22.189655172413794], [-44.00091240875912, -22.344827586206904], [-44.08302919708029, -22.655172413793096], [-43.83667883211679, -22.551724137931032], [-43.754562043795616, -22.965517241379303], [-43.50821167883211, -22.91379310344827], [-43.50821167883211, -23.896551724137936], [-43.42609489051094, -23.586206896551715], [-42.85127737226277, -24.0], [-43.0155109489051, -24.10344827586208], [-42.933394160583944, -24.620689655172413], [-42.72810218978101, -24.620689655172413], [-42.85127737226277, -24.15517241379311], [-41.61952554744525, -24.879310344827587], [-41.41423357664233, -24.465517241379303], [-41.25, -24.82758620689654], [-41.57846715328468, -25.034482758620697], [-41.53740875912409, -25.293103448275858], [-40.96259124087591, -25.293103448275858], [-41.41423357664233, -25.241379310344826], [-41.16788321167883, -25.189655172413794], [-41.126824817518255, -24.931034482758633], [-41.04470802919708, -25.189655172413794], [-40.96259124087591, -25.034482758620697], [-41.496350364963504, -23.84482758620689], [-41.126824817518255, -23.689655172413794], [-41.496350364963504, -23.793103448275858], [-42.153284671532845, -22.86206896551724], [-42.60492700729927, -23.17241379310346], [-42.522810218978094, -22.810344827586206], [-42.68704379562044, -22.965517241379303], [-42.72810218978101, -22.655172413793096], [-42.89233576642336, -22.810344827586206], [-43.0155109489051, -22.5], [-43.05656934306569, -22.706896551724128], [-42.440693430656935, -23.48275862068965], [-42.522810218978094, -23.741379310344826], [-42.72810218978101, -23.689655172413794], [-42.933394160583944, -23.01724137931035], [-43.179744525547434, -23.120689655172413], [-43.179744525547434, -22.551724137931032], [-43.754562043795616, -22.603448275862064], [-43.754562043795616, -22.344827586206904]]]}, "properties": {"id": 54, "altitude_m": 4000.0}},{"type": "Feature", "geometry": {"type": "Polygon", "coordinates": [[[-115.23722627737226, -21.0], [-115.19616788321167, -21.051724137931032], [-115.19616788321167, -21.15517241379311], [-115.27828467153284, -21.258620689655174], [-115.1551094890511, -21.36206896551724], [-115.1551094890511, -21.465517241379317], [-115.1551094890511, -21.413793103448285], [-115.07299270072993, -21.310344827586206], [-115.03193430656934, -21.413793103448285], [-114.94981751824818, -21.465517241379317], [-114.99087591240875, -21.413793103448285], [-114.9087591240876, -21.36206896551724], [-114.82664233576642, -21.465517241379317], [-114.86770072992701, -21.56896551724138], [-114.78558394160584, -21.51724137931035], [-114.74452554744525, -21.56896551724138], [-114.78558394160584, -21.620689655172413], [-114.70346715328468, -21.724137931034477], [-114.70346715328468, -21.620689655172413], [-114.66240875912409, -21.56896551724138], [-114.58029197080292, -21.620689655172413], [-114.6213503649635, -21.672413793103445], [-114.58029197080292, -21.77586206896551], [-114.45711678832117, -21.724137931034477], [-114.45711678832117, -21.620689655172413], [-114.53923357664233, -21.51724137931035], [-114.66240875912409, -21.51724137931035], [-114.74452554744525, -21.56896551724138], [-114.82664233576642, -21.413793103448285], [-114.78558394160584, -21.36206896551724], [-114.66240875912409, -21.36206896551724], [-114.58029197080292, -21.258620689655174], [-114.6213503649635, -21.206896551724142], [-114.58029197080292, -21.15517241379311], [-114.82664233576642, -21.15517241379311], [-114.9087591240876, -21.051724137931032], [-114.9087591240876, -21.0], [-115.03193430656934, -20.89655172413792], [-115.1551094890511, -20.89655172413792]]]}, "properties": {"id": 55, "altitude_m": 4000.0}},{"type": "Feature", "geometry": {"type": "Polygon", "coordinates": [[[-51.51459854014598, -20.63793103448276], [-51.47354014598541, -20.689655172413794], [-51.47354014598541, -20.84482758620689], [-51.51459854014598, -20.89655172413792], [-51.67883211678833, -20.89655172413792], [-51.63777372262774, -20.948275862068954], [-51.55565693430657, -20.948275862068954], [-51.51459854014598, -20.89655172413792], [-51.432481751824824, -20.948275862068954], [-51.432481751824824, -21.051724137931032], [-51.35036496350365, -21.206896551724142], [-51.309306569343065, -21.413793103448285], [-51.18613138686132, -21.56896551724138], [-51.18613138686132, -21.620689655172413], [-51.10401459854015, -21.672413793103445], [-51.14507299270073, -21.724137931034477], [-51.06295620437956, -21.724137931034477], [-51.02189781021899, -21.77586206896551], [-50.9808394160584, -21.98275862068965], [-50.85766423357664, -21.93103448275862], [-50.816605839416056, -21.98275862068965], [-50.85766423357664, -22.034482758620697], [-50.816605839416056, -22.034482758620697], [-50.652372262773724, -22.241379310344826], [-50.652372262773724, -22.396551724137936], [-50.570255474452566, -22.396551724137936], [-50.52919708029198, -22.293103448275872], [-50.447080291970806, -22.241379310344826], [-50.52919708029198, -22.241379310344826], [-50.570255474452566, -22.189655172413794], [-50.61131386861314, -21.98275862068965], [-50.61131386861314, -22.034482758620697], [-50.69343065693431, -22.08620689655173], [-50.7344890510949, -21.98275862068965], [-50.816605839416056, -21.98275862068965], [-50.85766423357664, -21.93103448275862], [-50.85766423357664, -21.77586206896551], [-51.06295620437956, -21.465517241379317], [-51.06295620437956, -21.36206896551724], [-51.10401459854015, -21.310344827586206], [-51.06295620437956, -21.258620689655174], [-51.227189781021906, -21.0], [-51.26824817518248, -20.793103448275858], [-51.35036496350365, -20.741379310344826], [-51.39142335766424, -20.63793103448276], [-51.47354014598541, -20.689655172413794]]]}, "properties": {"id": 56, "altitude_m": 4000.0}},{"type": "Feature", "geometry": {"type": "Polygon", "coordinates": [[[-47.08029197080292, -20.327586206896555], [-47.121350364963504, -20.48275862068965], [-46.998175182481745, -20.534482758620697], [-47.08029197080292, -20.741379310344826], [-47.20346715328468, -20.58620689655173], [-47.08029197080292, -20.741379310344826], [-47.03923357664233, -20.948275862068954], [-47.08029197080292, -21.051724137931032], [-46.833941605839414, -21.36206896551724], [-46.875, -21.51724137931035], [-46.95711678832117, -21.413793103448285], [-47.08029197080292, -21.465517241379317], [-47.03923357664233, -21.56896551724138], [-47.08029197080292, -21.620689655172413], [-46.833941605839414, -21.56896551724138], [-46.751824817518255, -21.672413793103445], [-46.628649635036496, -21.620689655172413], [-46.58759124087591, -21.672413793103445], [-46.71076642335767, -21.77586206896551], [-46.71076642335767, -21.879310344827587], [-46.79288321167883, -21.98275862068965], [-46.71076642335767, -21.98275862068965], [-46.464416058394164, -21.672413793103445], [-46.42335766423358, -21.724137931034477], [-46.464416058394164, -21.93103448275862], [-46.341240875912405, -21.98275862068965], [-46.464416058394164, -21.82758620689654], [-46.341240875912405, -21.310344827586206], [-46.42335766423358, -21.206896551724142], [-46.50547445255475, -20.84482758620689], [-46.628649635036496, -20.741379310344826], [-46.464416058394164, -20.689655172413794], [-46.38229927007299, -20.793103448275858], [-46.341240875912405, -20.63793103448276], [-46.464416058394164, -20.534482758620697], [-46.71076642335767, -20.63793103448276], [-46.875, -20.43103448275862], [-46.751824817518255, -20.275862068965523], [-46.833941605839414, -20.275862068965523], [-46.916058394160586, -20.379310344827587]]]}, "properties": {"id": 57, "altitude_m": 4000.0}},{"type": "Feature", "geometry": {"type": "Polygon", "coordinates": [[[-48.22992700729927, -19.448275862068968], [-48.22992700729927, -19.603448275862064], [-48.147810218978094, -19.5], [-47.98357664233576, -19.706896551724142], [-47.942518248175176, -20.068965517241367], [-47.86040145985402, -20.017241379310335], [-47.778284671532845, -20.120689655172413], [-47.90145985401459, -20.275862068965523], [-47.73722627737226, -20.379310344827587], [-47.69616788321167, -20.534482758620697], [-47.73722627737226, -20.689655172413794], [-47.61405109489051, -20.63793103448276], [-47.69616788321167, -20.379310344827587], [-47.6551094890511, -20.275862068965523], [-47.57299270072993, -20.327586206896555], [-47.44981751824817, -20.275862068965523], [-47.408759124087595, -20.327586206896555], [-47.57299270072993, -20.43103448275862], [-47.408759124087595, -20.534482758620697], [-47.285583941605836, -20.379310344827587], [-47.36770072992701, -20.379310344827587], [-47.408759124087595, -20.275862068965523], [-47.490875912408754, -20.275862068965523], [-47.53193430656934, -20.22413793103449], [-47.490875912408754, -20.17241379310346], [-47.57299270072993, -20.22413793103449], [-47.6551094890511, -20.17241379310346], [-47.61405109489051, -20.068965517241367], [-47.490875912408754, -20.017241379310335], [-47.408759124087595, -20.17241379310346], [-47.44981751824817, -20.017241379310335], [-47.36770072992701, -19.965517241379303], [-47.408759124087595, -19.86206896551724], [-47.490875912408754, -19.86206896551724], [-47.61405109489051, -19.706896551724142], [-47.61405109489051, -19.603448275862064], [-47.6551094890511, -19.603448275862064], [-47.61405109489051, -19.706896551724142], [-47.73722627737226, -19.91379310344827], [-47.81934306569343, -19.810344827586206], [-47.81934306569343, -19.706896551724142], [-47.90145985401459, -19.551724137931032], [-47.98357664233576, -19.551724137931032], [-48.065693430656935, -19.396551724137936]]]}, "properties": {"id": 58, "altitude_m": 4000.0}},{"type": "Feature", "geometry": {"type": "Polygon", "coordinates": [[[-56.48266423357664, -16.706896551724142], [-56.52372262773723, -16.810344827586206], [-56.48266423357664, -16.758620689655174], [-56.40054744525548, -16.91379310344827], [-56.48266423357664, -17.120689655172413], [-56.40054744525548, -17.224137931034477], [-56.27737226277372, -17.172413793103445], [-56.23631386861314, -17.32758620689654], [-56.15419708029197, -17.32758620689654], [-55.98996350364963, -17.58620689655173], [-56.03102189781021, -17.689655172413794], [-55.94890510948906, -17.741379310344826], [-56.03102189781021, -17.896551724137936], [-55.98996350364963, -17.948275862068968], [-56.03102189781021, -18.051724137931032], [-55.86678832116789, -17.896551724137936], [-55.8257299270073, -18.0], [-55.70255474452554, -18.051724137931032], [-55.497262773722625, -18.0], [-55.37408759124088, -18.155172413793096], [-55.415145985401466, -18.258620689655174], [-55.33302919708029, -18.155172413793096], [-55.25091240875912, -18.155172413793096], [-55.37408759124088, -18.051724137931032], [-55.415145985401466, -17.896551724137936], [-55.29197080291971, -17.84482758620689], [-55.53832116788321, -17.896551724137936], [-55.620437956204384, -17.793103448275858], [-55.5793795620438, -17.63793103448276], [-55.497262773722625, -17.58620689655173], [-55.66149635036497, -17.63793103448276], [-55.70255474452554, -17.534482758620697], [-55.784671532846716, -17.482758620689665], [-55.784671532846716, -17.379310344827587], [-55.907846715328475, -17.379310344827587], [-55.94890510948906, -17.32758620689654], [-55.907846715328475, -17.172413793103445], [-55.94890510948906, -17.224137931034477], [-55.98996350364963, -17.120689655172413], [-56.0720802919708, -17.172413793103445], [-56.19525547445256, -17.01724137931035], [-56.19525547445256, -16.91379310344827], [-56.318430656934304, -16.86206896551724], [-56.40054744525548, -16.706896551724142]]]}, "properties": {"id": 59, "altitude_m": 4000.0}},{"type": "Feature", "geometry": {"type": "Polygon", "coordinates": [[[-45.807481751824824, -16.5], [-45.684306569343065, -17.172413793103445], [-44.61678832116789, -17.896551724137936], [-43.63138686131387, -20.43103448275862], [-43.67244525547446, -19.86206896551724], [-43.0155109489051, -20.58620689655173], [-42.48175182481752, -20.120689655172413], [-42.56386861313868, -20.948275862068954], [-42.317518248175176, -20.275862068965523], [-42.317518248175176, -20.89655172413792], [-41.41423357664233, -21.51724137931035], [-41.208941605839414, -21.258620689655174], [-41.90693430656934, -20.84482758620689], [-41.04470802919708, -20.22413793103449], [-39.89507299270073, -21.413793103448285], [-39.85401459854015, -20.948275862068954], [-39.15602189781022, -21.15517241379311], [-39.23813868613139, -20.58620689655173], [-39.15602189781022, -21.672413793103445], [-38.58120437956204, -21.56896551724138], [-38.82755474452554, -22.344827586206904], [-37.59580291970802, -21.93103448275862], [-38.252737226277375, -20.17241379310346], [-38.29379562043796, -20.948275862068954], [-38.909671532846716, -21.0], [-39.525547445255484, -19.448275862068968], [-40.67518248175183, -18.775862068965523], [-40.182481751824824, -18.413793103448285], [-40.59306569343066, -18.413793103448285], [-40.67518248175183, -17.689655172413794], [-41.783759124087595, -18.258620689655174], [-41.41423357664233, -17.689655172413794], [-41.90693430656934, -16.965517241379303], [-43.0155109489051, -17.379310344827587], [-43.097627737226276, -18.56896551724138], [-43.26186131386861, -17.63793103448276], [-43.302919708029194, -18.31034482758622], [-43.7956204379562, -18.413793103448285], [-44.247262773722625, -17.32758620689654]]]}, "properties": {"id": 60, "altitude_m": 4000.0}},{"type": "Feature", "geometry": {"type": "Polygon", "coordinates": [[[-60.916970802919714, -16.241379310344826], [-60.75273722627737, -16.60344827586208], [-60.506386861313864, -16.60344827586208], [-60.54744525547445, -17.120689655172413], [-60.136861313868614, -17.63793103448276], [-60.21897810218979, -17.948275862068968], [-60.09580291970803, -18.051724137931032], [-60.136861313868614, -17.84482758620689], [-60.01368613138686, -17.793103448275858], [-59.644160583941606, -18.0], [-59.808394160583944, -18.465517241379317], [-60.136861313868614, -18.362068965517253], [-59.808394160583944, -18.827586206896555], [-58.94616788321167, -19.5], [-58.82299270072993, -19.396551724137936], [-58.658759124087595, -19.551724137931032], [-58.49452554744525, -19.5], [-58.86405109489051, -18.98275862068965], [-59.315693430656935, -19.034482758620683], [-59.72627737226277, -18.51724137931035], [-59.56204379562044, -18.465517241379317], [-59.68521897810219, -18.465517241379317], [-59.72627737226277, -18.31034482758622], [-59.52098540145985, -18.258620689655174], [-59.27463503649635, -18.724137931034477], [-58.98722627737226, -18.724137931034477], [-59.35675182481752, -18.31034482758622], [-59.43886861313869, -17.948275862068968], [-59.644160583941606, -17.896551724137936], [-59.72627737226277, -17.58620689655173], [-59.89051094890511, -17.534482758620697], [-59.931569343065696, -17.27586206896551], [-60.301094890510946, -16.86206896551724], [-60.34215328467153, -16.706896551724142], [-60.1779197080292, -16.5], [-60.38321167883212, -16.293103448275858], [-60.301094890510946, -16.448275862068968], [-60.46532846715329, -16.448275862068968], [-60.506386861313864, -16.60344827586208]]]}, "properties": {"id": 61, "altitude_m": 4000.0}},{"type": "Feature", "geometry": {"type": "Polygon", "coordinates": [[[-63.25729927007299, -15.206896551724128], [-63.339416058394164, -15.310344827586206], [-63.339416058394164, -15.620689655172413], [-63.25729927007299, -15.724137931034491], [-63.29835766423358, -15.775862068965523], [-63.134124087591246, -15.982758620689651], [-63.09306569343066, -15.982758620689651], [-63.05200729927007, -16.034482758620683], [-63.05200729927007, -16.189655172413794], [-63.09306569343066, -16.241379310344826], [-63.05200729927007, -16.241379310344826], [-62.92883211678833, -16.396551724137936], [-62.92883211678833, -16.448275862068968], [-62.846715328467155, -16.551724137931046], [-62.80565693430657, -16.551724137931046], [-62.80565693430657, -16.396551724137936], [-62.7235401459854, -16.293103448275858], [-62.68248175182482, -16.293103448275858], [-62.68248175182482, -16.241379310344826], [-62.7235401459854, -16.189655172413794], [-62.7235401459854, -16.13793103448276], [-62.76459854014598, -16.13793103448276], [-62.80565693430657, -16.086206896551715], [-62.80565693430657, -15.982758620689651], [-62.88777372262774, -15.879310344827587], [-62.88777372262774, -15.775862068965523], [-62.846715328467155, -15.724137931034491], [-62.80565693430657, -15.724137931034491], [-62.7235401459854, -15.827586206896555], [-62.7235401459854, -15.672413793103459], [-62.76459854014598, -15.724137931034491], [-62.80565693430657, -15.724137931034491], [-62.88777372262774, -15.620689655172413], [-62.92883211678833, -15.620689655172413], [-63.01094890510949, -15.517241379310349], [-62.9698905109489, -15.465517241379303], [-63.01094890510949, -15.41379310344827], [-63.05200729927007, -15.41379310344827], [-63.134124087591246, -15.310344827586206], [-63.134124087591246, -15.258620689655174], [-63.216240875912405, -15.258620689655174]]]}, "properties": {"id": 62, "altitude_m": 4000.0}},{"type": "Feature", "geometry": {"type": "Polygon", "coordinates": [[[-117.65967153284672, -14.43103448275862], [-117.49543795620438, -14.534482758620697], [-117.41332116788321, -14.741379310344826], [-117.4543795620438, -14.896551724137936], [-117.2080291970803, -15.0], [-117.2080291970803, -15.103448275862064], [-117.00273722627738, -15.103448275862064], [-117.00273722627738, -15.206896551724128], [-116.71532846715328, -15.517241379310349], [-116.6742700729927, -15.465517241379303], [-116.34580291970804, -15.93103448275862], [-116.01733576642336, -15.982758620689651], [-115.68886861313868, -16.293103448275858], [-115.77098540145985, -16.241379310344826], [-115.68886861313868, -16.189655172413794], [-115.68886861313868, -15.93103448275862], [-116.01733576642336, -15.620689655172413], [-115.93521897810218, -15.465517241379303], [-115.85310218978103, -15.56896551724138], [-115.81204379562044, -15.41379310344827], [-115.68886861313868, -15.620689655172413], [-115.60675182481752, -15.56896551724138], [-115.68886861313868, -15.517241379310349], [-115.68886861313868, -15.155172413793096], [-115.81204379562044, -15.258620689655174], [-115.89416058394161, -15.155172413793096], [-115.85310218978103, -15.051724137931032], [-116.22262773722628, -15.051724137931032], [-116.30474452554745, -15.155172413793096], [-116.63321167883211, -15.103448275862064], [-116.6742700729927, -15.0], [-116.71532846715328, -15.051724137931032], [-116.83850364963504, -14.948275862068968], [-116.59215328467154, -14.793103448275872], [-116.63321167883211, -14.637931034482762], [-116.79744525547446, -14.689655172413794], [-116.79744525547446, -14.58620689655173], [-116.96167883211679, -14.534482758620697], [-117.00273722627738, -14.793103448275872], [-117.2080291970803, -14.844827586206904], [-117.33120437956204, -14.58620689655173], [-117.12591240875912, -14.58620689655173], [-117.08485401459853, -14.482758620689651], [-117.1669708029197, -14.58620689655173], [-117.2080291970803, -14.482758620689651], [-117.41332116788321, -14.58620689655173], [-117.41332116788321, -14.43103448275862], [-117.4543795620438, -14.534482758620697], [-117.49543795620438, -14.43103448275862]]]}, "properties": {"id": 63, "altitude_m": 4000.0}},{"type": "Feature", "geometry": {"type": "Polygon", "coordinates": [[[-65.18704379562044, -8.793103448275858], [-65.18704379562044, -8.84482758620689], [-65.14598540145985, -8.896551724137936], [-65.18704379562044, -8.948275862068968], [-65.18704379562044, -9.051724137931046], [-65.14598540145985, -9.0], [-65.10492700729927, -9.051724137931046], [-65.10492700729927, -9.103448275862078], [-65.18704379562044, -9.206896551724142], [-65.18704379562044, -9.310344827586206], [-65.14598540145985, -9.362068965517238], [-65.14598540145985, -9.41379310344827], [-65.26916058394161, -9.620689655172413], [-65.26916058394161, -9.724137931034477], [-65.14598540145985, -9.620689655172413], [-65.06386861313868, -9.724137931034477], [-65.06386861313868, -9.775862068965509], [-65.10492700729927, -9.827586206896541], [-65.10492700729927, -9.879310344827587], [-65.06386861313868, -9.931034482758633], [-65.10492700729927, -9.982758620689665], [-65.10492700729927, -10.034482758620697], [-65.06386861313868, -9.982758620689665], [-65.0228102189781, -10.034482758620697], [-65.0228102189781, -10.08620689655173], [-64.94069343065694, -9.982758620689665], [-64.94069343065694, -9.879310344827587], [-64.89963503649635, -9.827586206896541], [-64.85857664233576, -9.879310344827587], [-64.85857664233576, -9.931034482758633], [-64.85857664233576, -9.775862068965509], [-64.81751824817519, -9.724137931034477], [-64.81751824817519, -9.672413793103445], [-64.85857664233576, -9.620689655172413], [-64.85857664233576, -9.465517241379303], [-64.89963503649635, -9.41379310344827], [-64.81751824817519, -9.258620689655174], [-64.94069343065694, -9.051724137931046], [-64.94069343065694, -9.0], [-65.0228102189781, -8.896551724137936], [-65.06386861313868, -8.896551724137936], [-65.10492700729927, -8.84482758620689], [-65.10492700729927, -8.793103448275858], [-65.14598540145985, -8.84482758620689]]]}, "properties": {"id": 64, "altitude_m": 4000.0}},{"type": "Feature", "geometry": {"type": "Polygon", "coordinates": [[[-55.70255474452554, -8.172413793103459], [-55.70255474452554, -8.327586206896555], [-55.497262773722625, -8.327586206896555], [-55.29197080291971, -8.586206896551715], [-55.16879562043796, -8.534482758620683], [-54.7992700729927, -9.051724137931046], [-54.88138686131387, -9.15517241379311], [-54.7992700729927, -9.310344827586206], [-54.67609489051094, -9.362068965517238], [-54.75821167883211, -9.517241379310349], [-54.92244525547446, -9.41379310344827], [-55.004562043795616, -9.620689655172413], [-55.25091240875912, -9.620689655172413], [-55.29197080291971, -9.724137931034477], [-55.16879562043796, -9.672413793103445], [-55.29197080291971, -9.931034482758633], [-55.0456204379562, -9.982758620689665], [-54.96350364963503, -10.137931034482762], [-55.08667883211679, -10.293103448275858], [-55.004562043795616, -10.396551724137936], [-55.0456204379562, -10.551724137931032], [-54.63503649635037, -10.396551724137936], [-54.552919708029194, -10.5], [-54.38868613138686, -10.448275862068968], [-54.38868613138686, -10.603448275862064], [-54.347627737226276, -10.5], [-54.2655109489051, -10.603448275862064], [-54.38868613138686, -10.448275862068968], [-54.30656934306569, -10.08620689655173], [-54.060218978102185, -9.982758620689665], [-54.183394160583944, -9.931034482758633], [-54.14233576642336, -9.827586206896541], [-54.183394160583944, -9.931034482758633], [-54.2655109489051, -9.827586206896541], [-54.30656934306569, -10.034482758620697], [-54.47080291970802, -9.879310344827587], [-54.183394160583944, -9.56896551724138], [-53.97810218978101, -9.517241379310349], [-53.97810218978101, -9.41379310344827], [-54.347627737226276, -9.517241379310349], [-54.30656934306569, -9.362068965517238], [-54.38868613138686, -9.206896551724142], [-54.14233576642336, -9.362068965517238], [-54.0191605839416, -9.206896551724142], [-54.51186131386861, -8.689655172413794], [-54.717153284671525, -8.741379310344826], [-54.7992700729927, -8.586206896551715], [-55.127737226277375, -8.482758620689651], [-55.16879562043796, -8.327586206896555], [-55.620437956204384, -8.275862068965523], [-55.497262773722625, -8.120689655172413]]]}, "properties": {"id": 65, "altitude_m": 4000.0}},{"type": "Feature", "geometry": {"type": "Polygon", "coordinates": [[[-69.6213503649635, -6.982758620689651], [-69.53923357664233, -7.655172413793096], [-69.04653284671532, -7.655172413793096], [-69.08759124087591, -8.06896551724138], [-68.47171532846716, -8.43103448275862], [-68.22536496350365, -9.775862068965509], [-67.97901459854015, -9.56896551724138], [-67.52737226277372, -10.655172413793096], [-66.91149635036496, -10.81034482758622], [-66.74726277372264, -11.741379310344826], [-66.99361313868613, -12.258620689655174], [-66.62408759124088, -11.948275862068968], [-66.74726277372264, -11.379310344827587], [-66.3366788321168, -11.637931034482747], [-66.45985401459853, -11.896551724137936], [-65.96715328467153, -11.948275862068968], [-66.17244525547446, -11.275862068965523], [-65.67974452554745, -11.327586206896555], [-65.67974452554745, -12.465517241379303], [-65.3102189781022, -12.517241379310335], [-65.80291970802921, -13.034482758620697], [-65.47445255474452, -13.293103448275858], [-65.35127737226277, -14.58620689655173], [-64.57116788321167, -14.06896551724138], [-64.20164233576642, -14.327586206896541], [-64.20164233576642, -14.844827586206904], [-63.791058394160586, -14.896551724137936], [-63.54470802919708, -14.58620689655173], [-63.95529197080292, -13.862068965517238], [-63.791058394160586, -13.551724137931032], [-64.65328467153284, -12.258620689655174], [-64.89963503649635, -12.362068965517238], [-65.22810218978103, -11.637931034482747], [-65.06386861313868, -11.224137931034477], [-65.67974452554745, -11.06896551724138], [-65.35127737226277, -10.448275862068968], [-65.67974452554745, -10.396551724137936], [-65.5155109489051, -10.08620689655173], [-65.88503649635037, -10.241379310344826], [-65.8439781021898, -9.775862068965509], [-66.37773722627736, -10.34482758620689], [-66.0492700729927, -9.362068965517238], [-66.37773722627736, -9.362068965517238], [-66.5830291970803, -8.275862068965523], [-67.23996350364963, -8.172413793103459], [-67.15784671532847, -7.344827586206904], [-68.47171532846716, -6.982758620689651], [-68.30748175182481, -7.448275862068968], [-69.00547445255475, -7.448275862068968]]]}, "properties": {"id": 66, "altitude_m": 4000.0}},{"type": "Feature", "geometry": {"type": "Polygon", "coordinates": [[[-62.846715328467155, -6.827586206896541], [-62.35401459854015, -8.224137931034491], [-62.88777372262774, -8.534482758620683], [-62.846715328467155, -8.017241379310349], [-63.339416058394164, -8.689655172413794], [-61.943430656934304, -9.051724137931046], [-60.26003649635037, -12.0], [-59.52098540145985, -11.482758620689651], [-59.76733576642336, -12.465517241379303], [-59.3978102189781, -12.103448275862064], [-58.86405109489051, -12.827586206896555], [-58.61770072992701, -14.43103448275862], [-56.52372262773723, -15.775862068965523], [-57.18065693430657, -16.293103448275858], [-58.04288321167883, -15.103448275862064], [-57.46806569343066, -16.706896551724142], [-56.19525547445256, -16.086206896551715], [-55.784671532846716, -17.172413793103445], [-54.88138686131387, -16.706896551724142], [-55.907846715328475, -15.258620689655174], [-56.27737226277372, -15.41379310344827], [-56.56478102189781, -14.275862068965509], [-56.97536496350365, -14.379310344827587], [-56.23631386861314, -13.913793103448285], [-54.347627737226276, -14.534482758620697], [-55.25091240875912, -12.827586206896555], [-55.907846715328475, -12.827586206896555], [-55.86678832116789, -12.258620689655174], [-56.318430656934304, -12.724137931034491], [-56.56478102189781, -12.206896551724142], [-56.15419708029197, -11.741379310344826], [-56.56478102189781, -11.896551724137936], [-56.441605839416056, -11.327586206896555], [-56.89324817518248, -11.741379310344826], [-56.89324817518248, -10.706896551724128], [-57.42700729927007, -10.655172413793096], [-57.591240875912405, -9.672413793103445], [-58.82299270072993, -8.482758620689651], [-60.916970802919714, -8.275862068965523]]]}, "properties": {"id": 67, "altitude_m": 4000.0}},{"type": "Feature", "geometry": {"type": "Polygon", "coordinates": [[[-65.35127737226277, -4.65517241379311], [-65.43339416058394, -5.172413793103459], [-65.3102189781022, -5.431034482758619], [-65.10492700729927, -5.327586206896555], [-64.89963503649635, -5.5344827586206975], [-64.89963503649635, -5.379310344827587], [-64.81751824817519, -5.482758620689651], [-64.73540145985402, -5.379310344827587], [-64.89963503649635, -5.275862068965523], [-64.7764598540146, -5.120689655172413], [-64.44799270072993, -5.379310344827587], [-64.40693430656934, -5.637931034482762], [-64.5301094890511, -5.637931034482762], [-64.61222627737226, -6.15517241379311], [-64.57116788321167, -6.051724137931032], [-64.36587591240875, -6.258620689655174], [-64.44799270072993, -6.206896551724142], [-64.2837591240876, -5.948275862068954], [-63.873175182481745, -6.103448275862064], [-63.95529197080292, -6.310344827586206], [-64.20164233576642, -6.310344827586206], [-64.40693430656934, -6.517241379310349], [-64.20164233576642, -6.982758620689651], [-63.75, -7.0344827586206975], [-63.83211678832117, -6.827586206896541], [-63.626824817518255, -6.724137931034477], [-63.46259124087591, -6.879310344827587], [-63.46259124087591, -7.137931034482762], [-63.339416058394164, -6.879310344827587], [-62.88777372262774, -6.724137931034477], [-62.9698905109489, -6.517241379310349], [-63.17518248175183, -6.620689655172413], [-63.17518248175183, -6.775862068965509], [-63.46259124087591, -6.517241379310349], [-63.339416058394164, -6.310344827586206], [-63.05200729927007, -6.310344827586206], [-62.846715328467155, -5.948275862068954], [-62.92883211678833, -5.637931034482762], [-63.05200729927007, -5.793103448275858], [-63.29835766423358, -5.431034482758619], [-63.216240875912405, -5.327586206896555], [-63.791058394160586, -5.275862068965523], [-63.708941605839414, -5.379310344827587], [-63.791058394160586, -5.482758620689651], [-63.91423357664233, -5.275862068965523], [-63.873175182481745, -5.068965517241367], [-64.24270072992701, -5.0172413793103345], [-64.36587591240875, -4.810344827586206], [-64.57116788321167, -4.862068965517238], [-64.65328467153284, -5.068965517241367], [-64.7764598540146, -4.9655172413793025], [-64.69434306569343, -4.758620689655174], [-64.89963503649635, -4.603448275862064]]]}, "properties": {"id": 68, "altitude_m": 4000.0}},{"type": "Feature", "geometry": {"type": "Polygon", "coordinates": [[[-77.91514598540147, 0.20689655172413524], [-77.87408759124088, 0.1551724137931032], [-77.91514598540147, 0.05172413793103203], [-77.8330291970803, -0.10344827586206407], [-77.8330291970803, -0.2586206896551744], [-77.87408759124088, -0.36206896551724554], [-77.75091240875912, -0.3103448275862135], [-77.66879562043795, -0.20689655172412813], [-77.5456204379562, -0.20689655172412813], [-77.46350364963504, -0.4137931034482776], [-77.42244525547446, -0.4137931034482776], [-77.38138686131387, -0.3103448275862135], [-77.2992700729927, -0.36206896551724554], [-77.34032846715328, -0.4137931034482776], [-77.34032846715328, -0.5689655172413737], [-77.25821167883211, -0.672413793103452], [-77.17609489051095, -0.6206896551724057], [-77.17609489051095, -0.5172413793103416], [-77.25821167883211, -0.4137931034482776], [-77.13503649635037, -0.20689655172412813], [-77.13503649635037, -0.10344827586206407], [-77.17609489051095, -0.05172413793103203], [-77.25821167883211, -0.05172413793103203], [-77.2992700729927, -0.10344827586206407], [-77.42244525547446, 0.05172413793103203], [-77.46350364963504, 0.05172413793103203], [-77.5456204379562, 0.1551724137931032], [-77.5456204379562, 0.20689655172413524], [-77.58667883211679, 0.20689655172413524], [-77.62773722627738, 0.1551724137931032], [-77.5456204379562, 0.05172413793103203], [-77.62773722627738, 0.0], [-77.62773722627738, -0.10344827586206407], [-77.66879562043795, -0.1551724137930961], [-77.75091240875912, -0.1551724137930961], [-77.7919708029197, -0.10344827586206407], [-77.7919708029197, 0.10344827586206407], [-77.8330291970803, 0.1551724137931032], [-77.75091240875912, 0.2586206896551744], [-77.70985401459853, 0.20689655172413524], [-77.66879562043795, 0.3103448275862064], [-77.70985401459853, 0.3103448275862064], [-77.8330291970803, 0.1551724137931032]]]}, "properties": {"id": 69, "altitude_m": 4000.0}},{"type": "Feature", "geometry": {"type": "Polygon", "coordinates": [[[-67.73266423357664, 6.413793103448278], [-68.02007299270073, 6.775862068965516], [-68.1021897810219, 6.724137931034477], [-68.02007299270073, 6.620689655172413], [-68.3485401459854, 6.46551724137931], [-68.38959854014598, 6.3620689655172455], [-68.47171532846716, 6.3620689655172455], [-68.47171532846716, 6.258620689655167], [-68.88229927007299, 6.413793103448278], [-68.80018248175183, 6.206896551724135], [-68.75912408759125, 6.310344827586206], [-68.67700729927007, 6.258620689655167], [-68.67700729927007, 6.051724137931032], [-68.8412408759124, 5.948275862068968], [-68.75912408759125, 5.948275862068968], [-68.63594890510949, 5.689655172413794], [-68.88229927007299, 5.586206896551722], [-68.92335766423358, 5.637931034482762], [-68.88229927007299, 5.327586206896548], [-69.04653284671532, 5.224137931034484], [-69.16970802919708, 5.379310344827587], [-69.16970802919708, 5.172413793103445], [-69.25182481751825, 5.068965517241381], [-69.08759124087591, 5.275862068965516], [-68.8412408759124, 4.9137931034482705], [-68.75912408759125, 5.017241379310349], [-68.43065693430657, 5.017241379310349], [-68.51277372262774, 5.017241379310349], [-68.51277372262774, 5.120689655172413], [-68.38959854014598, 5.120689655172413], [-68.3485401459854, 5.017241379310349], [-68.26642335766424, 5.068965517241381], [-68.22536496350365, 4.965517241379317], [-67.73266423357664, 5.017241379310349], [-67.8147810218978, 5.172413793103445], [-67.8147810218978, 5.431034482758626], [-67.89689781021897, 5.431034482758626], [-67.89689781021897, 5.586206896551722], [-67.97901459854015, 5.689655172413794], [-67.69160583941606, 6.0], [-67.77372262773723, 6.155172413793103], [-67.8147810218978, 6.103448275862071], [-67.89689781021897, 6.206896551724135], [-67.85583941605839, 6.3620689655172455], [-67.77372262773723, 6.413793103448278], [-67.77372262773723, 6.258620689655167]]]}, "properties": {"id": 70, "altitude_m": 4000.0}},{"type": "Feature", "geometry": {"type": "Polygon", "coordinates": [[[-66.5419708029197, 7.189655172413794], [-66.5419708029197, 6.982758620689658], [-66.50091240875912, 6.931034482758619], [-66.41879562043795, 6.931034482758619], [-66.37773722627736, 6.879310344827587], [-66.50091240875912, 6.724137931034477], [-66.50091240875912, 6.620689655172413], [-66.45985401459853, 6.672413793103445], [-66.37773722627736, 6.672413793103445], [-66.3366788321168, 6.724137931034477], [-66.29562043795622, 6.672413793103445], [-66.29562043795622, 6.620689655172413], [-66.3366788321168, 6.568965517241381], [-66.21350364963504, 6.568965517241381], [-66.17244525547446, 6.620689655172413], [-66.13138686131387, 6.620689655172413], [-66.09032846715328, 6.672413793103445], [-66.0492700729927, 6.672413793103445], [-66.0492700729927, 6.724137931034477], [-66.00821167883211, 6.775862068965516], [-66.00821167883211, 6.879310344827587], [-65.96715328467153, 6.931034482758619], [-65.96715328467153, 7.03448275862069], [-66.0492700729927, 7.1379310344827545], [-66.09032846715328, 7.1379310344827545], [-66.09032846715328, 7.086206896551722], [-66.0492700729927, 7.03448275862069], [-66.09032846715328, 6.982758620689658], [-66.13138686131387, 6.982758620689658], [-66.17244525547446, 7.03448275862069], [-66.17244525547446, 7.1379310344827545], [-66.21350364963504, 7.189655172413794], [-66.25456204379563, 7.189655172413794], [-66.29562043795622, 7.1379310344827545], [-66.3366788321168, 7.1379310344827545], [-66.37773722627736, 7.189655172413794]]]}, "properties": {"id": 71, "altitude_m": 4000.0}},{"type": "Feature", "geometry": {"type": "Polygon", "coordinates": [[[-69.74452554744525, 12.517241379310349], [-69.82664233576642, 12.517241379310349], [-69.82664233576642, 12.465517241379317], [-69.86770072992701, 12.41379310344827], [-69.9087591240876, 12.41379310344827], [-69.9087591240876, 12.362068965517238], [-69.94981751824817, 12.310344827586206], [-69.99087591240875, 12.310344827586206], [-69.99087591240875, 12.258620689655174], [-70.03193430656934, 12.206896551724135], [-70.07299270072993, 12.258620689655174], [-70.11405109489051, 12.206896551724135], [-70.11405109489051, 12.155172413793103], [-70.1551094890511, 12.103448275862071], [-70.19616788321167, 12.103448275862071], [-70.31934306569343, 11.896551724137929], [-70.44251824817519, 11.896551724137929], [-70.44251824817519, 11.741379310344826], [-70.4014598540146, 11.689655172413794], [-70.27828467153284, 11.689655172413794], [-70.19616788321167, 11.58620689655173], [-70.1551094890511, 11.58620689655173], [-70.03193430656934, 11.379310344827587], [-69.99087591240875, 11.379310344827587], [-69.94981751824817, 11.43103448275862], [-69.94981751824817, 11.482758620689651], [-69.9087591240876, 11.53448275862069], [-69.9087591240876, 11.689655172413794], [-69.82664233576642, 11.793103448275858], [-69.74452554744525, 11.793103448275858], [-69.70346715328468, 11.741379310344826], [-69.74452554744525, 11.793103448275858], [-69.74452554744525, 11.844827586206897], [-69.70346715328468, 11.896551724137929], [-69.70346715328468, 12.05172413793104], [-69.58029197080292, 12.206896551724135], [-69.53923357664233, 12.206896551724135], [-69.49817518248175, 12.155172413793103], [-69.49817518248175, 12.05172413793104], [-69.49817518248175, 12.258620689655174], [-69.53923357664233, 12.310344827586206], [-69.53923357664233, 12.362068965517238], [-69.58029197080292, 12.41379310344827], [-69.6213503649635, 12.41379310344827], [-69.66240875912409, 12.362068965517238], [-69.74452554744525, 12.465517241379317]]]}, "properties": {"id": 72, "altitude_m": 4000.0}},{"type": "Feature", "geometry": {"type": "Polygon", "coordinates": [[[-78.44890510948905, 14.43103448275862], [-78.44890510948905, 14.379310344827587], [-78.48996350364963, 14.327586206896555], [-78.48996350364963, 14.172413793103445], [-78.53102189781022, 14.120689655172413], [-78.57208029197079, 14.172413793103445], [-78.57208029197079, 14.120689655172413], [-78.53102189781022, 14.06896551724138], [-78.53102189781022, 14.017241379310349], [-78.48996350364963, 13.96551724137931], [-78.48996350364963, 13.913793103448278], [-78.44890510948905, 13.862068965517246], [-78.40784671532847, 13.862068965517246], [-78.36678832116789, 13.810344827586206], [-78.3257299270073, 13.810344827586206], [-78.20255474452554, 13.96551724137931], [-78.12043795620437, 13.862068965517246], [-78.0793795620438, 13.913793103448278], [-78.03832116788321, 13.913793103448278], [-78.03832116788321, 14.06896551724138], [-78.0793795620438, 14.120689655172413], [-78.0793795620438, 14.172413793103445], [-78.16149635036496, 14.275862068965516], [-78.12043795620437, 14.327586206896555], [-78.16149635036496, 14.327586206896555], [-78.20255474452554, 14.379310344827587], [-78.20255474452554, 14.43103448275862], [-78.28467153284672, 14.43103448275862], [-78.3257299270073, 14.482758620689658], [-78.36678832116789, 14.482758620689658], [-78.40784671532847, 14.43103448275862]]]}, "properties": {"id": 73, "altitude_m": 4000.0}},{"type": "Feature", "geometry": {"type": "Polygon", "coordinates": [[[-77.42244525547446, 14.689655172413794], [-77.50456204379563, 14.689655172413794], [-77.5456204379562, 14.637931034482754], [-77.62773722627738, 14.689655172413794], [-77.62773722627738, 14.637931034482754], [-77.46350364963504, 14.53448275862069], [-77.5456204379562, 14.327586206896555], [-77.62773722627738, 14.224137931034477], [-77.66879562043795, 14.275862068965516], [-77.70985401459853, 14.224137931034477], [-77.7919708029197, 14.224137931034477], [-77.75091240875912, 14.06896551724138], [-77.8330291970803, 14.017241379310349], [-77.87408759124088, 14.120689655172413], [-77.91514598540147, 14.017241379310349], [-77.91514598540147, 13.913793103448278], [-77.87408759124088, 13.862068965517246], [-77.95620437956205, 13.758620689655167], [-77.95620437956205, 13.706896551724135], [-77.87408759124088, 13.706896551724135], [-77.75091240875912, 13.551724137931032], [-77.75091240875912, 13.396551724137936], [-77.58667883211679, 13.448275862068968], [-77.5456204379562, 13.5], [-77.58667883211679, 13.706896551724135], [-77.5456204379562, 13.758620689655167], [-77.46350364963504, 13.758620689655167], [-77.46350364963504, 13.913793103448278], [-77.50456204379563, 13.96551724137931], [-77.34032846715328, 14.120689655172413], [-77.34032846715328, 14.275862068965516], [-77.2992700729927, 14.379310344827587], [-77.42244525547446, 14.379310344827587], [-77.46350364963504, 14.482758620689658], [-77.42244525547446, 14.53448275862069], [-77.25821167883211, 14.482758620689658], [-77.25821167883211, 14.53448275862069]]]}, "properties": {"id": 74, "altitude_m": 4000.0}},{"type": "Feature", "geometry": {"type": "Polygon", "coordinates": [[[-66.70620437956205, 14.379310344827587], [-66.66514598540147, 14.327586206896555], [-66.70620437956205, 14.43103448275862], [-66.62408759124088, 14.53448275862069], [-66.50091240875912, 14.482758620689658], [-66.41879562043795, 14.637931034482754], [-66.3366788321168, 14.53448275862069], [-66.37773722627736, 14.741379310344826], [-66.3366788321168, 14.793103448275865], [-66.21350364963504, 14.741379310344826], [-66.00821167883211, 15.155172413793103], [-65.88503649635037, 15.0], [-65.92609489051094, 15.051724137931032], [-65.88503649635037, 15.206896551724135], [-65.76186131386862, 15.155172413793103], [-65.59762773722628, 14.948275862068968], [-65.5155109489051, 15.0], [-65.39233576642336, 14.844827586206897], [-65.26916058394161, 15.103448275862064], [-65.22810218978103, 15.051724137931032], [-65.18704379562044, 15.155172413793103], [-64.85857664233576, 15.051724137931032], [-64.81751824817519, 14.948275862068968], [-64.69434306569343, 14.896551724137936], [-64.73540145985402, 15.0], [-64.69434306569343, 15.051724137931032], [-64.73540145985402, 15.103448275862064], [-64.81751824817519, 15.0], [-64.85857664233576, 15.051724137931032], [-64.81751824817519, 15.155172413793103], [-64.98175182481752, 15.206896551724135], [-65.47445255474452, 15.103448275862064], [-65.67974452554745, 15.206896551724135], [-65.72080291970804, 15.310344827586206], [-65.92609489051094, 15.310344827586206], [-65.96715328467153, 15.155172413793103], [-66.0492700729927, 15.258620689655174], [-66.09032846715328, 15.103448275862064], [-66.13138686131387, 15.155172413793103], [-66.3366788321168, 15.051724137931032], [-66.50091240875912, 14.844827586206897], [-66.5419708029197, 14.53448275862069], [-66.5830291970803, 14.482758620689658], [-66.66514598540147, 14.586206896551722]]]}, "properties": {"id": 75, "altitude_m": 4000.0}},{"type": "Feature", "geometry": {"type": "Polygon", "coordinates": [[[-68.88229927007299, 15.982758620689651], [-69.00547445255475, 15.827586206896555], [-68.92335766423358, 15.672413793103445], [-69.08759124087591, 15.620689655172413], [-68.88229927007299, 15.413793103448278], [-69.16970802919708, 15.46551724137931], [-69.00547445255475, 15.103448275862064], [-68.8412408759124, 15.155172413793103], [-69.00547445255475, 15.258620689655174], [-68.8412408759124, 15.46551724137931], [-68.75912408759125, 15.103448275862064], [-68.92335766423358, 14.948275862068968], [-69.25182481751825, 15.051724137931032], [-69.25182481751825, 14.741379310344826], [-69.49817518248175, 14.586206896551722], [-69.6213503649635, 14.689655172413794], [-69.53923357664233, 14.379310344827587], [-69.70346715328468, 14.06896551724138], [-69.78558394160584, 14.120689655172413], [-69.70346715328468, 14.017241379310349], [-69.45711678832117, 14.120689655172413], [-69.29288321167883, 14.53448275862069], [-69.08759124087591, 14.637931034482754], [-69.00547445255475, 14.53448275862069], [-69.1286496350365, 14.53448275862069], [-69.21076642335767, 14.224137931034477], [-68.92335766423358, 13.810344827586206], [-68.80018248175183, 14.120689655172413], [-68.8412408759124, 14.017241379310349], [-69.00547445255475, 14.172413793103445], [-68.63594890510949, 14.43103448275862], [-68.67700729927007, 13.758620689655167], [-68.47171532846716, 13.810344827586206], [-68.38959854014598, 13.241379310344826], [-68.30748175182481, 13.655172413793103], [-68.43065693430657, 13.810344827586206], [-68.30748175182481, 14.172413793103445], [-68.55383211678833, 14.275862068965516], [-68.43065693430657, 14.482758620689658], [-68.51277372262774, 14.53448275862069], [-68.3485401459854, 14.53448275862069], [-68.51277372262774, 14.689655172413794], [-68.30748175182481, 14.741379310344826], [-68.22536496350365, 14.586206896551722], [-68.3485401459854, 14.379310344827587], [-68.22536496350365, 14.482758620689658], [-68.30748175182481, 14.896551724137936], [-68.02007299270073, 15.051724137931032], [-68.02007299270073, 15.362068965517246], [-68.22536496350365, 15.517241379310342], [-68.18430656934306, 15.672413793103445]]]}, "properties": {"id": 76, "altitude_m": 4000.0}},{"type": "Feature", "geometry": {"type": "Polygon", "coordinates": [[[-82.84215328467153, 16.39655172413793], [-83.00638686131387, 16.241379310344833], [-83.00638686131387, 16.189655172413794], [-82.9242700729927, 16.241379310344833], [-82.88321167883211, 16.189655172413794], [-82.9242700729927, 16.086206896551722], [-83.04744525547446, 16.086206896551722], [-83.08850364963504, 16.241379310344833], [-83.12956204379563, 16.137931034482754], [-83.00638686131387, 15.982758620689651], [-83.04744525547446, 15.93103448275862], [-83.33485401459853, 15.879310344827587], [-83.25273722627738, 15.724137931034484], [-83.1706204379562, 15.827586206896555], [-83.00638686131387, 15.672413793103445], [-83.00638686131387, 15.517241379310342], [-83.04744525547446, 15.46551724137931], [-83.12956204379563, 15.517241379310342], [-83.21167883211679, 15.413793103448278], [-83.1706204379562, 15.362068965517246], [-83.29379562043795, 15.310344827586206], [-83.25273722627738, 15.258620689655174], [-83.33485401459853, 14.948275862068968], [-83.1706204379562, 14.689655172413794], [-83.00638686131387, 14.689655172413794], [-82.96532846715328, 14.637931034482754], [-82.71897810218978, 14.741379310344826], [-82.67791970802921, 14.844827586206897], [-82.71897810218978, 15.103448275862064], [-82.55474452554745, 15.206896551724135], [-82.51368613138686, 15.362068965517246], [-82.55474452554745, 15.413793103448278], [-82.47262773722628, 15.517241379310342], [-82.47262773722628, 15.620689655172413], [-82.3905109489051, 15.724137931034484], [-82.30839416058394, 15.672413793103445], [-82.34945255474453, 15.827586206896555], [-82.22627737226277, 15.982758620689651], [-82.47262773722628, 16.241379310344833]]]}, "properties": {"id": 77, "altitude_m": 4000.0}},{"type": "Feature", "geometry": {"type": "Polygon", "coordinates": [[[-86.0036496350365, 17.120689655172413], [-86.0036496350365, 17.068965517241374], [-86.04470802919708, 17.01724137931034], [-86.08576642335765, 17.01724137931034], [-86.20894160583941, 16.913793103448278], [-86.20894160583941, 16.603448275862064], [-86.25, 16.551724137931032], [-86.25, 16.39655172413793], [-86.20894160583941, 16.39655172413793], [-86.16788321167883, 16.448275862068968], [-86.04470802919708, 16.344827586206897], [-86.0036496350365, 16.39655172413793], [-85.92153284671534, 16.293103448275865], [-85.92153284671534, 16.241379310344833], [-85.88047445255475, 16.241379310344833], [-85.83941605839416, 16.189655172413794], [-85.83941605839416, 16.137931034482754], [-85.75729927007299, 16.137931034482754], [-85.7162408759124, 16.086206896551722], [-85.67518248175182, 16.086206896551722], [-85.63412408759123, 16.137931034482754], [-85.59306569343066, 16.086206896551722], [-85.55200729927007, 16.137931034482754], [-85.55200729927007, 16.241379310344833], [-85.59306569343066, 16.293103448275865], [-85.55200729927007, 16.344827586206897], [-85.55200729927007, 16.39655172413793], [-85.5109489051095, 16.448275862068968], [-85.46989051094891, 16.448275862068968], [-85.46989051094891, 16.5], [-85.5109489051095, 16.551724137931032], [-85.5109489051095, 16.913793103448278], [-85.59306569343066, 17.01724137931034], [-85.59306569343066, 17.068965517241374], [-85.83941605839416, 17.068965517241374], [-85.88047445255475, 17.120689655172413]]]}, "properties": {"id": 78, "altitude_m": 4000.0}},{"type": "Feature", "geometry": {"type": "Polygon", "coordinates": [[[-67.36313868613138, 17.58620689655173], [-67.56843065693431, 17.534482758620683], [-67.77372262773723, 17.741379310344826], [-67.8147810218978, 18.0], [-67.85583941605839, 17.94827586206896], [-67.93795620437956, 18.10344827586207], [-68.18430656934306, 17.89655172413793], [-68.1021897810219, 17.793103448275865], [-68.14324817518248, 17.741379310344826], [-68.43065693430657, 17.844827586206897], [-68.26642335766424, 17.58620689655173], [-68.43065693430657, 17.58620689655173], [-68.47171532846716, 17.48275862068965], [-68.55383211678833, 17.58620689655173], [-68.38959854014598, 17.172413793103452], [-68.47171532846716, 17.068965517241374], [-68.71806569343066, 17.068965517241374], [-68.67700729927007, 16.913793103448278], [-68.75912408759125, 16.810344827586206], [-68.80018248175183, 16.86206896551724], [-68.8412408759124, 16.706896551724142], [-68.63594890510949, 16.551724137931032], [-68.75912408759125, 16.5], [-68.63594890510949, 16.39655172413793], [-68.47171532846716, 16.551724137931032], [-68.43065693430657, 16.5], [-68.38959854014598, 16.86206896551724], [-68.3485401459854, 16.551724137931032], [-68.26642335766424, 16.5], [-68.3485401459854, 16.39655172413793], [-68.1021897810219, 16.5], [-68.1021897810219, 16.758620689655174], [-68.02007299270073, 16.810344827586206], [-68.1021897810219, 17.01724137931034], [-68.02007299270073, 17.120689655172413], [-68.06113138686132, 17.224137931034484], [-67.93795620437956, 17.327586206896555], [-68.22536496350365, 17.327586206896555], [-68.26642335766424, 17.172413793103452], [-68.3485401459854, 17.327586206896555], [-68.22536496350365, 17.48275862068965], [-68.18430656934306, 17.43103448275862], [-68.18430656934306, 17.534482758620683], [-68.1021897810219, 17.43103448275862], [-67.97901459854015, 17.43103448275862], [-68.02007299270073, 17.534482758620683], [-67.93795620437956, 17.58620689655173], [-67.89689781021897, 17.43103448275862], [-67.77372262773723, 17.689655172413794], [-67.6094890510949, 17.48275862068965]]]}, "properties": {"id": 79, "altitude_m": 4000.0}},{"type": "Feature", "geometry": {"type": "Polygon", "coordinates": [[[-101.40054744525548, 18.51724137931035], [-101.56478102189782, 18.41379310344827], [-101.68795620437956, 18.41379310344827], [-101.72901459854015, 18.46551724137931], [-101.77007299270073, 18.41379310344827], [-101.8521897810219, 18.41379310344827], [-101.81113138686132, 18.310344827586206], [-101.8521897810219, 18.206896551724142], [-101.93430656934306, 18.258620689655174], [-102.18065693430657, 18.051724137931032], [-102.30383211678833, 17.741379310344826], [-102.26277372262774, 17.689655172413794], [-102.26277372262774, 17.48275862068965], [-102.13959854014598, 17.327586206896555], [-101.93430656934306, 17.379310344827587], [-101.81113138686132, 17.224137931034484], [-101.72901459854015, 17.224137931034484], [-101.68795620437956, 17.120689655172413], [-101.60583941605839, 17.224137931034484], [-101.48266423357664, 17.224137931034484], [-101.44160583941606, 17.327586206896555], [-101.19525547445255, 17.275862068965516], [-101.15419708029196, 17.224137931034484], [-101.0720802919708, 17.327586206896555], [-101.0720802919708, 17.534482758620683], [-101.11313868613138, 17.58620689655173], [-101.0720802919708, 17.689655172413794], [-101.11313868613138, 17.689655172413794], [-101.19525547445255, 17.793103448275865], [-101.19525547445255, 17.89655172413793], [-101.3594890510949, 18.051724137931032], [-101.27737226277372, 18.155172413793103], [-101.23631386861314, 18.10344827586207], [-101.23631386861314, 18.155172413793103], [-101.31843065693431, 18.206896551724142], [-101.27737226277372, 18.258620689655174], [-101.31843065693431, 18.310344827586206], [-101.31843065693431, 18.41379310344827], [-101.3594890510949, 18.41379310344827]]]}, "properties": {"id": 80, "altitude_m": 4000.0}},{"type": "Feature", "geometry": {"type": "Polygon", "coordinates": [[[-111.78832116788321, 18.620689655172413], [-111.8293795620438, 18.56896551724138], [-111.87043795620438, 18.620689655172413], [-111.95255474452554, 18.56896551724138], [-112.0757299270073, 18.41379310344827], [-112.0757299270073, 18.310344827586206], [-112.15784671532847, 18.206896551724142], [-112.11678832116789, 18.051724137931032], [-112.03467153284672, 18.0], [-112.03467153284672, 17.89655172413793], [-112.0757299270073, 17.844827586206897], [-112.15784671532847, 17.89655172413793], [-112.19890510948905, 18.051724137931032], [-112.3220802919708, 18.206896551724142], [-112.40419708029196, 18.155172413793103], [-112.36313868613139, 18.10344827586207], [-112.44525547445255, 18.0], [-112.44525547445255, 17.844827586206897], [-112.52737226277372, 17.741379310344826], [-112.48631386861314, 17.793103448275865], [-112.44525547445255, 17.741379310344826], [-112.52737226277372, 17.534482758620683], [-112.48631386861314, 17.48275862068965], [-112.44525547445255, 17.534482758620683], [-112.40419708029196, 17.48275862068965], [-112.36313868613139, 17.58620689655173], [-112.28102189781022, 17.48275862068965], [-112.23996350364963, 17.58620689655173], [-112.15784671532847, 17.48275862068965], [-112.15784671532847, 17.63793103448276], [-112.11678832116789, 17.689655172413794], [-112.15784671532847, 17.793103448275865], [-112.11678832116789, 17.844827586206897], [-112.0757299270073, 17.844827586206897], [-112.03467153284672, 17.741379310344826], [-111.95255474452554, 17.741379310344826], [-111.95255474452554, 17.844827586206897], [-111.8293795620438, 18.0], [-111.87043795620438, 18.051724137931032], [-111.8293795620438, 18.155172413793103], [-111.74726277372262, 18.206896551724142], [-111.74726277372262, 18.310344827586206], [-111.70620437956204, 18.36206896551724], [-111.70620437956204, 18.41379310344827], [-111.78832116788321, 18.46551724137931], [-111.74726277372262, 18.51724137931035]]]}, "properties": {"id": 81, "altitude_m": 4000.0}},{"type": "Feature", "geometry": {"type": "Polygon", "coordinates": [[[-103.74087591240875, 18.41379310344827], [-103.69981751824818, 18.36206896551724], [-103.53558394160584, 18.36206896551724], [-103.49452554744525, 18.310344827586206], [-103.45346715328466, 18.310344827586206], [-103.41240875912409, 18.36206896551724], [-103.3713503649635, 18.36206896551724], [-103.24817518248176, 18.51724137931035], [-103.24817518248176, 18.620689655172413], [-103.20711678832117, 18.672413793103452], [-103.125, 18.56896551724138], [-103.125, 18.51724137931035], [-103.08394160583941, 18.51724137931035], [-103.00182481751824, 18.620689655172413], [-103.00182481751824, 18.672413793103452], [-102.91970802919708, 18.775862068965516], [-102.8786496350365, 18.775862068965516], [-102.8786496350365, 18.827586206896548], [-103.00182481751824, 18.827586206896548], [-103.00182481751824, 18.724137931034484], [-103.08394160583941, 18.620689655172413], [-103.125, 18.672413793103452], [-103.125, 18.775862068965516], [-103.08394160583941, 18.827586206896548], [-103.16605839416059, 18.827586206896548], [-103.20711678832117, 18.775862068965516], [-103.24817518248176, 18.775862068965516], [-103.33029197080292, 18.879310344827587], [-103.53558394160584, 18.879310344827587], [-103.57664233576642, 18.827586206896548], [-103.61770072992701, 18.827586206896548], [-103.69981751824818, 18.724137931034484], [-103.69981751824818, 18.672413793103452], [-103.74087591240875, 18.620689655172413]]]}, "properties": {"id": 82, "altitude_m": 4000.0}},{"type": "Feature", "geometry": {"type": "Polygon", "coordinates": [[[-99.06021897810218, 18.93103448275862], [-99.06021897810218, 18.827586206896548], [-99.10127737226277, 18.775862068965516], [-99.14233576642336, 18.879310344827587], [-99.22445255474452, 18.93103448275862], [-99.14233576642336, 18.98275862068965], [-99.22445255474452, 18.93103448275862], [-99.2655109489051, 18.98275862068965], [-99.34762773722628, 18.98275862068965], [-99.38868613138686, 18.93103448275862], [-99.38868613138686, 18.827586206896548], [-99.42974452554745, 18.775862068965516], [-99.47080291970804, 18.827586206896548], [-99.5529197080292, 18.724137931034484], [-99.59397810218978, 18.724137931034484], [-99.63503649635037, 18.620689655172413], [-99.7992700729927, 18.724137931034484], [-99.88138686131387, 18.620689655172413], [-99.88138686131387, 18.46551724137931], [-99.92244525547446, 18.41379310344827], [-99.84032846715328, 18.41379310344827], [-99.67609489051095, 18.258620689655174], [-99.59397810218978, 18.258620689655174], [-99.42974452554745, 18.41379310344827], [-99.38868613138686, 18.310344827586206], [-99.34762773722628, 18.36206896551724], [-99.42974452554745, 18.41379310344827], [-99.38868613138686, 18.46551724137931], [-99.38868613138686, 18.56896551724138], [-99.47080291970804, 18.620689655172413], [-99.38868613138686, 18.724137931034484], [-99.30656934306569, 18.620689655172413], [-99.30656934306569, 18.46551724137931], [-99.2655109489051, 18.51724137931035], [-99.10127737226277, 18.51724137931035], [-99.06021897810218, 18.620689655172413], [-99.06021897810218, 18.724137931034484], [-99.01916058394161, 18.775862068965516], [-99.06021897810218, 18.827586206896548]]]}, "properties": {"id": 83, "altitude_m": 4000.0}},{"type": "Feature", "geometry": {"type": "Polygon", "coordinates": [[[-107.31295620437956, 18.775862068965516], [-107.27189781021897, 18.672413793103452], [-107.18978102189782, 18.672413793103452], [-107.18978102189782, 18.724137931034484], [-107.10766423357664, 18.775862068965516], [-107.06660583941606, 18.724137931034484], [-107.06660583941606, 18.56896551724138], [-106.9844890510949, 18.51724137931035], [-106.9844890510949, 18.41379310344827], [-106.77919708029196, 18.258620689655174], [-106.57390510948905, 18.258620689655174], [-106.53284671532846, 18.206896551724142], [-106.49178832116789, 18.258620689655174], [-106.40967153284672, 18.258620689655174], [-106.36861313868613, 18.206896551724142], [-106.12226277372262, 18.206896551724142], [-105.9169708029197, 18.51724137931035], [-105.83485401459853, 18.51724137931035], [-105.75273722627738, 18.620689655172413], [-105.75273722627738, 18.775862068965516], [-105.83485401459853, 18.724137931034484], [-105.9169708029197, 18.827586206896548], [-105.9580291970803, 19.08620689655173], [-106.08120437956204, 19.189655172413794], [-105.99908759124088, 19.241379310344826], [-106.12226277372262, 19.241379310344826], [-106.16332116788321, 19.189655172413794], [-106.24543795620438, 19.293103448275858], [-106.2043795620438, 19.344827586206897], [-106.28649635036496, 19.241379310344826], [-106.32755474452554, 19.344827586206897], [-106.53284671532846, 19.344827586206897], [-106.57390510948905, 19.39655172413793], [-106.82025547445255, 19.39655172413793], [-106.82025547445255, 19.344827586206897], [-106.94343065693431, 19.241379310344826], [-106.9844890510949, 18.98275862068965], [-107.10766423357664, 18.775862068965516], [-107.18978102189782, 18.775862068965516], [-107.23083941605839, 18.827586206896548]]]}, "properties": {"id": 84, "altitude_m": 4000.0}},{"type": "Feature", "geometry": {"type": "Polygon", "coordinates": [[[-115.27828467153284, 19.241379310344826], [-115.27828467153284, 19.08620689655173], [-115.23722627737226, 19.03448275862069], [-115.27828467153284, 18.98275862068965], [-115.19616788321167, 18.879310344827587], [-115.11405109489051, 18.879310344827587], [-115.11405109489051, 18.93103448275862], [-115.23722627737226, 18.98275862068965], [-115.19616788321167, 19.03448275862069], [-115.27828467153284, 19.13793103448276], [-115.23722627737226, 19.241379310344826], [-115.11405109489051, 19.03448275862069], [-114.99087591240875, 18.98275862068965], [-115.03193430656934, 18.93103448275862], [-114.9087591240876, 19.13793103448276], [-114.86770072992701, 19.03448275862069], [-114.78558394160584, 18.98275862068965], [-114.82664233576642, 18.93103448275862], [-114.78558394160584, 18.879310344827587], [-114.82664233576642, 18.827586206896548], [-114.9087591240876, 18.879310344827587], [-114.9087591240876, 18.775862068965516], [-114.82664233576642, 18.56896551724138], [-114.82664233576642, 18.41379310344827], [-114.86770072992701, 18.36206896551724], [-114.74452554744525, 18.258620689655174], [-114.70346715328468, 18.155172413793103], [-114.6213503649635, 18.206896551724142], [-114.58029197080292, 18.10344827586207], [-114.45711678832117, 18.36206896551724], [-114.375, 18.310344827586206], [-114.375, 18.206896551724142], [-114.33394160583941, 18.206896551724142], [-114.25182481751824, 18.36206896551724], [-114.21076642335767, 18.310344827586206], [-114.21076642335767, 18.41379310344827], [-114.1286496350365, 18.51724137931035], [-114.1286496350365, 18.775862068965516], [-114.08759124087591, 18.827586206896548], [-114.1286496350365, 18.879310344827587], [-114.08759124087591, 18.98275862068965], [-114.33394160583941, 19.241379310344826], [-114.45711678832117, 19.293103448275858], [-114.6213503649635, 19.08620689655173], [-114.66240875912409, 19.13793103448276], [-114.78558394160584, 19.08620689655173], [-115.11405109489051, 19.39655172413793]]]}, "properties": {"id": 85, "altitude_m": 4000.0}},{"type": "Feature", "geometry": {"type": "Polygon", "coordinates": [[[-87.76916058394161, 19.55172413793104], [-87.72810218978103, 19.448275862068968], [-87.76916058394161, 19.344827586206897], [-87.68704379562044, 19.13793103448276], [-87.72810218978103, 19.08620689655173], [-87.8102189781022, 19.13793103448276], [-87.72810218978103, 19.03448275862069], [-87.8102189781022, 18.93103448275862], [-87.76916058394161, 18.879310344827587], [-87.8102189781022, 18.827586206896548], [-87.60492700729927, 18.724137931034484], [-87.56386861313868, 18.56896551724138], [-87.60492700729927, 18.51724137931035], [-87.68704379562044, 18.56896551724138], [-87.5228102189781, 18.206896551724142], [-87.39963503649635, 18.258620689655174], [-87.35857664233576, 18.41379310344827], [-87.2764598540146, 18.258620689655174], [-87.19434306569343, 18.310344827586206], [-87.15328467153284, 18.206896551724142], [-87.07116788321167, 18.258620689655174], [-87.03010948905109, 18.155172413793103], [-86.7837591240876, 18.36206896551724], [-86.53740875912408, 18.724137931034484], [-86.16788321167883, 18.93103448275862], [-86.12682481751824, 19.03448275862069], [-86.16788321167883, 19.08620689655173], [-86.12682481751824, 19.293103448275858], [-86.25, 19.344827586206897], [-86.16788321167883, 19.39655172413793], [-86.53740875912408, 19.293103448275858], [-86.7837591240876, 19.448275862068968], [-86.90693430656934, 19.448275862068968], [-86.9890510948905, 19.55172413793104], [-87.11222627737226, 19.39655172413793], [-87.23540145985402, 19.55172413793104], [-87.31751824817519, 19.448275862068968], [-87.35857664233576, 19.55172413793104], [-87.39963503649635, 19.5], [-87.48175182481751, 19.706896551724135], [-87.64598540145985, 19.706896551724135]]]}, "properties": {"id": 86, "altitude_m": 4000.0}},{"type": "Feature", "geometry": {"type": "Polygon", "coordinates": [[[-88.05656934306569, 19.5], [-88.17974452554745, 19.655172413793103], [-88.46715328467153, 19.758620689655174], [-88.5492700729927, 19.55172413793104], [-88.59032846715328, 19.60344827586207], [-88.71350364963504, 19.5], [-88.75456204379563, 19.55172413793104], [-88.83667883211679, 19.39655172413793], [-88.91879562043795, 19.448275862068968], [-88.87773722627738, 19.39655172413793], [-88.91879562043795, 19.293103448275858], [-89.16514598540147, 19.39655172413793], [-88.83667883211679, 19.655172413793103], [-88.71350364963504, 19.655172413793103], [-88.87773722627738, 19.706896551724135], [-88.91879562043795, 19.60344827586207], [-89.16514598540147, 19.448275862068968], [-89.12408759124088, 19.344827586206897], [-89.20620437956205, 19.293103448275858], [-89.12408759124088, 19.241379310344826], [-89.16514598540147, 19.189655172413794], [-89.28832116788321, 19.241379310344826], [-89.24726277372262, 19.5], [-89.3293795620438, 19.55172413793104], [-89.37043795620437, 19.448275862068968], [-89.28832116788321, 19.344827586206897], [-89.37043795620437, 19.293103448275858], [-89.49361313868613, 19.39655172413793], [-89.45255474452554, 19.55172413793104], [-89.53467153284672, 19.448275862068968], [-89.5757299270073, 19.13793103448276], [-89.49361313868613, 18.93103448275862], [-89.3293795620438, 18.93103448275862], [-89.16514598540147, 19.08620689655173], [-89.0830291970803, 18.93103448275862], [-89.00091240875912, 18.879310344827587], [-88.95985401459853, 18.93103448275862], [-88.91879562043795, 18.827586206896548], [-88.83667883211679, 18.879310344827587], [-88.75456204379563, 18.827586206896548], [-88.59032846715328, 19.03448275862069], [-88.46715328467153, 19.08620689655173], [-88.34397810218978, 19.03448275862069], [-88.3029197080292, 19.13793103448276], [-88.26186131386862, 19.03448275862069], [-88.22080291970804, 19.08620689655173], [-88.13868613138686, 18.98275862068965], [-88.09762773722628, 19.08620689655173], [-88.13868613138686, 19.03448275862069], [-88.22080291970804, 19.13793103448276], [-88.05656934306569, 19.241379310344826]]]}, "properties": {"id": 87, "altitude_m": 4000.0}},{"type": "Feature", "geometry": {"type": "Polygon", "coordinates": [[[-108.13412408759125, 19.655172413793103], [-108.2162408759124, 19.655172413793103], [-108.25729927007299, 19.706896551724135], [-108.29835766423358, 19.706896551724135], [-108.33941605839416, 19.655172413793103], [-108.42153284671532, 19.758620689655174], [-108.5036496350365, 19.655172413793103], [-108.66788321167883, 19.655172413793103], [-108.79105839416059, 19.5], [-108.87317518248176, 19.5], [-108.9963503649635, 19.39655172413793], [-108.9963503649635, 19.344827586206897], [-108.95529197080292, 19.293103448275858], [-108.95529197080292, 19.189655172413794], [-108.87317518248176, 19.189655172413794], [-108.83211678832117, 19.13793103448276], [-108.79105839416059, 19.189655172413794], [-108.75, 19.13793103448276], [-108.75, 19.08620689655173], [-108.70894160583941, 19.03448275862069], [-108.66788321167883, 19.03448275862069], [-108.58576642335767, 18.93103448275862], [-108.54470802919708, 18.98275862068965], [-108.38047445255475, 18.98275862068965], [-108.29835766423358, 19.13793103448276], [-108.25729927007299, 19.13793103448276], [-108.2162408759124, 19.08620689655173], [-108.2162408759124, 19.03448275862069], [-108.2162408759124, 19.241379310344826], [-108.25729927007299, 19.293103448275858], [-108.25729927007299, 19.344827586206897], [-108.2162408759124, 19.39655172413793], [-108.17518248175182, 19.344827586206897], [-108.17518248175182, 19.5], [-108.2162408759124, 19.55172413793104], [-108.17518248175182, 19.60344827586207], [-108.13412408759125, 19.60344827586207]]]}, "properties": {"id": 88, "altitude_m": 4000.0}},{"type": "Feature", "geometry": {"type": "Polygon", "coordinates": [[[-95.77554744525547, 20.586206896551722], [-96.14507299270073, 20.586206896551722], [-96.14507299270073, 20.275862068965516], [-96.39142335766424, 20.01724137931035], [-96.39142335766424, 20.379310344827587], [-96.63777372262774, 20.327586206896548], [-96.67883211678833, 20.120689655172413], [-96.76094890510949, 20.275862068965516], [-97.00729927007299, 20.172413793103445], [-97.08941605839416, 20.896551724137936], [-97.29470802919708, 20.63793103448276], [-97.08941605839416, 20.586206896551722], [-97.17153284671534, 20.431034482758626], [-96.92518248175182, 19.91379310344827], [-96.55565693430657, 20.327586206896548], [-96.35036496350365, 19.655172413793103], [-96.9662408759124, 19.758620689655174], [-97.08941605839416, 19.448275862068968], [-97.33576642335765, 19.39655172413793], [-97.00729927007299, 19.241379310344826], [-96.88412408759123, 19.55172413793104], [-96.92518248175182, 19.293103448275858], [-96.67883211678833, 19.293103448275858], [-96.55565693430657, 18.827586206896548], [-96.88412408759123, 17.94827586206896], [-97.29470802919708, 17.94827586206896], [-97.78740875912409, 17.58620689655173], [-97.62317518248176, 17.43103448275862], [-97.70529197080292, 17.172413793103452], [-97.2536496350365, 16.706896551724142], [-96.76094890510949, 16.96551724137931], [-96.59671532846716, 17.327586206896555], [-96.39142335766424, 17.172413793103452], [-96.02189781021897, 17.275862068965516], [-95.89872262773723, 17.741379310344826], [-95.40602189781022, 17.58620689655173], [-95.2007299270073, 18.155172413793103], [-94.83120437956205, 18.36206896551724], [-94.91332116788321, 18.724137931034484], [-94.74908759124088, 19.08620689655173], [-95.03649635036496, 19.03448275862069], [-95.03649635036496, 19.55172413793104], [-95.89872262773723, 19.86206896551724], [-95.65237226277372, 20.172413793103445]]]}, "properties": {"id": 89, "altitude_m": 4000.0}},{"type": "Feature", "geometry": {"type": "Polygon", "coordinates": [[[-86.04470802919708, 22.189655172413794], [-86.0036496350365, 22.137931034482754], [-86.04470802919708, 22.03448275862069], [-85.92153284671534, 22.189655172413794], [-85.83941605839416, 22.137931034482754], [-85.88047445255475, 22.086206896551722], [-85.79835766423358, 21.98275862068966], [-86.0036496350365, 21.879310344827587], [-85.92153284671534, 21.775862068965516], [-85.79835766423358, 21.827586206896555], [-85.83941605839416, 21.879310344827587], [-85.79835766423358, 21.93103448275862], [-85.59306569343066, 21.93103448275862], [-85.59306569343066, 21.98275862068966], [-85.75729927007299, 21.93103448275862], [-85.79835766423358, 21.98275862068966], [-85.7162408759124, 22.086206896551722], [-85.5109489051095, 22.03448275862069], [-85.55200729927007, 21.672413793103445], [-85.7162408759124, 21.827586206896555], [-85.63412408759123, 21.51724137931035], [-85.5109489051095, 21.413793103448278], [-85.42883211678833, 21.413793103448278], [-85.34671532846716, 21.51724137931035], [-85.38777372262774, 21.724137931034477], [-85.30565693430657, 21.98275862068966], [-85.2235401459854, 21.98275862068966], [-85.10036496350365, 21.827586206896555], [-85.14142335766424, 21.672413793103445], [-85.05930656934306, 21.56896551724138], [-84.9771897810219, 21.672413793103445], [-85.01824817518249, 21.879310344827587], [-85.18248175182481, 21.93103448275862], [-85.14142335766424, 22.189655172413794], [-85.2235401459854, 22.344827586206897], [-85.34671532846716, 22.396551724137936], [-85.46989051094891, 22.344827586206897], [-85.42883211678833, 22.293103448275865], [-85.38777372262774, 22.344827586206897], [-85.30565693430657, 22.189655172413794], [-85.18248175182481, 22.137931034482754], [-85.2235401459854, 21.98275862068966], [-85.59306569343066, 22.293103448275865], [-85.55200729927007, 22.344827586206897], [-85.7162408759124, 22.189655172413794], [-85.92153284671534, 22.241379310344826], [-85.96259124087592, 22.137931034482754]]]}, "properties": {"id": 90, "altitude_m": 4000.0}},{"type": "Feature", "geometry": {"type": "Polygon", "coordinates": [[[-110.02281021897811, 22.655172413793103], [-109.94069343065694, 22.189655172413794], [-109.98175182481752, 21.98275862068966], [-109.57116788321167, 21.93103448275862], [-109.44799270072993, 22.137931034482754], [-109.40693430656934, 21.93103448275862], [-109.44799270072993, 21.879310344827587], [-109.48905109489051, 21.93103448275862], [-109.48905109489051, 21.672413793103445], [-109.44799270072993, 21.879310344827587], [-109.36587591240875, 21.775862068965516], [-109.32481751824818, 21.879310344827587], [-109.2837591240876, 21.827586206896555], [-109.20164233576642, 21.879310344827587], [-109.16058394160584, 21.827586206896555], [-109.20164233576642, 21.775862068965516], [-108.9963503649635, 21.51724137931035], [-108.87317518248176, 21.56896551724138], [-108.87317518248176, 21.827586206896555], [-108.66788321167883, 21.98275862068966], [-108.62682481751824, 22.241379310344826], [-108.83211678832117, 22.344827586206897], [-109.07846715328468, 22.241379310344826], [-109.11952554744525, 22.344827586206897], [-109.07846715328468, 22.189655172413794], [-109.11952554744525, 22.137931034482754], [-109.16058394160584, 22.189655172413794], [-109.32481751824818, 22.03448275862069], [-109.44799270072993, 22.189655172413794], [-109.44799270072993, 22.293103448275865], [-109.36587591240875, 22.396551724137936], [-109.2837591240876, 22.293103448275865], [-109.2837591240876, 22.448275862068968], [-109.36587591240875, 22.5], [-109.2837591240876, 22.551724137931032], [-109.24270072992701, 22.810344827586206], [-109.40693430656934, 22.758620689655174], [-109.44799270072993, 22.913793103448278], [-109.61222627737226, 22.913793103448278], [-109.7764598540146, 22.810344827586206], [-109.81751824817519, 22.706896551724135]]]}, "properties": {"id": 91, "altitude_m": 4000.0}},{"type": "Feature", "geometry": {"type": "Polygon", "coordinates": [[[-95.81660583941606, 22.03448275862069], [-95.89872262773723, 21.98275862068966], [-96.06295620437956, 22.137931034482754], [-95.93978102189782, 22.5], [-96.10401459854015, 22.551724137931032], [-96.06295620437956, 22.758620689655174], [-96.10401459854015, 22.862068965517246], [-96.06295620437956, 22.810344827586206], [-96.10401459854015, 22.758620689655174], [-96.22718978102189, 22.758620689655174], [-96.30930656934306, 22.913793103448278], [-96.43248175182481, 22.96551724137931], [-96.39142335766424, 23.06896551724138], [-96.26824817518248, 23.01724137931034], [-96.30930656934306, 23.120689655172413], [-96.39142335766424, 23.120689655172413], [-96.59671532846716, 22.913793103448278], [-97.00729927007299, 22.862068965517246], [-97.00729927007299, 22.810344827586206], [-96.92518248175182, 22.862068965517246], [-96.88412408759123, 22.810344827586206], [-96.92518248175182, 22.706896551724135], [-97.04835766423358, 22.706896551724135], [-97.08941605839416, 22.810344827586206], [-97.13047445255475, 22.758620689655174], [-97.08941605839416, 22.706896551724135], [-97.21259124087592, 22.5], [-97.37682481751824, 22.5], [-97.45894160583941, 22.293103448275865], [-97.5, 21.93103448275862], [-97.33576642335765, 21.879310344827587], [-97.21259124087592, 21.724137931034477], [-97.17153284671534, 21.775862068965516], [-97.08941605839416, 21.672413793103445], [-96.92518248175182, 21.620689655172413], [-96.76094890510949, 21.672413793103445], [-96.67883211678833, 21.827586206896555], [-96.63777372262774, 21.775862068965516], [-96.59671532846716, 21.827586206896555], [-96.51459854014598, 21.724137931034477], [-96.4735401459854, 21.775862068965516], [-96.39142335766424, 21.724137931034477], [-96.30930656934306, 21.827586206896555], [-96.22718978102189, 21.827586206896555], [-96.18613138686132, 21.93103448275862], [-96.02189781021897, 21.93103448275862], [-95.93978102189782, 21.827586206896555], [-95.81660583941606, 21.93103448275862]]]}, "properties": {"id": 92, "altitude_m": 4000.0}},{"type": "Feature", "geometry": {"type": "Polygon", "coordinates": [[[-97.41788321167883, 23.06896551724138], [-97.5, 23.120689655172413], [-97.66423357664233, 23.06896551724138], [-97.7463503649635, 23.172413793103445], [-97.86952554744525, 23.172413793103445], [-98.0337591240876, 23.01724137931034], [-97.95164233576642, 22.96551724137931], [-97.99270072992701, 22.862068965517246], [-98.0337591240876, 22.913793103448278], [-97.99270072992701, 22.706896551724135], [-98.0337591240876, 22.655172413793103], [-98.11587591240875, 22.706896551724135], [-98.11587591240875, 22.810344827586206], [-98.19799270072993, 22.758620689655174], [-98.23905109489051, 22.862068965517246], [-98.40328467153284, 22.655172413793103], [-98.48540145985402, 22.655172413793103], [-98.60857664233576, 22.5], [-98.56751824817519, 22.396551724137936], [-98.60857664233576, 22.293103448275865], [-98.5264598540146, 22.344827586206897], [-98.48540145985402, 22.293103448275865], [-98.5264598540146, 22.241379310344826], [-98.44434306569343, 22.189655172413794], [-98.60857664233576, 21.93103448275862], [-98.56751824817519, 21.775862068965516], [-98.36222627737226, 21.724137931034477], [-98.23905109489051, 21.98275862068966], [-98.11587591240875, 21.98275862068966], [-98.0337591240876, 22.086206896551722], [-98.07481751824818, 22.137931034482754], [-98.2801094890511, 21.93103448275862], [-98.36222627737226, 21.98275862068966], [-98.11587591240875, 22.293103448275865], [-97.99270072992701, 22.189655172413794], [-97.95164233576642, 22.241379310344826], [-97.86952554744525, 22.189655172413794], [-97.62317518248176, 22.5], [-97.62317518248176, 22.603448275862064], [-97.78740875912409, 22.448275862068968], [-97.91058394160584, 22.551724137931032], [-97.82846715328466, 22.655172413793103], [-97.78740875912409, 22.603448275862064], [-97.66423357664233, 22.810344827586206], [-97.54105839416059, 22.655172413793103], [-97.54105839416059, 22.810344827586206], [-97.45894160583941, 22.862068965517246]]]}, "properties": {"id": 93, "altitude_m": 4000.0}},{"type": "Feature", "geometry": {"type": "Polygon", "coordinates": [[[-111.45985401459853, 23.172413793103445], [-111.50091240875912, 23.120689655172413], [-111.50091240875912, 23.01724137931034], [-111.37773722627738, 22.862068965517246], [-111.41879562043796, 22.810344827586206], [-111.41879562043796, 22.706896551724135], [-111.37773722627738, 22.655172413793103], [-111.41879562043796, 22.706896551724135], [-111.37773722627738, 22.758620689655174], [-111.2956204379562, 22.758620689655174], [-111.17244525547446, 22.655172413793103], [-111.17244525547446, 22.603448275862064], [-111.21350364963504, 22.551724137931032], [-111.2956204379562, 22.551724137931032], [-111.21350364963504, 22.551724137931032], [-111.13138686131387, 22.448275862068968], [-111.13138686131387, 22.396551724137936], [-111.0492700729927, 22.396551724137936], [-111.00821167883211, 22.344827586206897], [-110.96715328467153, 22.396551724137936], [-110.92609489051095, 22.396551724137936], [-110.88503649635037, 22.448275862068968], [-110.92609489051095, 22.603448275862064], [-110.84397810218978, 22.706896551724135], [-110.88503649635037, 22.758620689655174], [-110.88503649635037, 22.862068965517246], [-110.92609489051095, 22.913793103448278], [-110.92609489051095, 22.96551724137931], [-110.96715328467153, 23.01724137931034], [-111.00821167883211, 23.01724137931034], [-111.09032846715328, 23.120689655172413], [-111.13138686131387, 23.06896551724138], [-111.21350364963504, 23.06896551724138], [-111.25456204379562, 23.120689655172413], [-111.21350364963504, 23.172413793103445], [-111.25456204379562, 23.120689655172413], [-111.21350364963504, 23.06896551724138], [-111.25456204379562, 23.01724137931034], [-111.2956204379562, 23.01724137931034], [-111.33667883211679, 23.06896551724138], [-111.33667883211679, 23.172413793103445]]]}, "properties": {"id": 94, "altitude_m": 4000.0}},{"type": "Feature", "geometry": {"type": "Polygon", "coordinates": [[[-51.18613138686132, 24.0], [-51.309306569343065, 24.051724137931032], [-51.39142335766424, 23.948275862068968], [-51.55565693430657, 23.844827586206897], [-51.55565693430657, 23.53448275862069], [-51.67883211678833, 23.327586206896555], [-51.76094890510949, 23.327586206896555], [-51.80200729927007, 23.275862068965523], [-51.80200729927007, 23.224137931034484], [-51.67883211678833, 23.06896551724138], [-51.76094890510949, 22.862068965517246], [-51.596715328467155, 23.01724137931034], [-51.55565693430657, 23.01724137931034], [-51.47354014598541, 22.913793103448278], [-51.35036496350365, 22.96551724137931], [-51.309306569343065, 23.06896551724138], [-51.39142335766424, 23.06896551724138], [-51.432481751824824, 23.120689655172413], [-51.35036496350365, 23.275862068965523], [-51.26824817518248, 23.275862068965523], [-51.227189781021906, 23.327586206896555], [-51.18613138686132, 23.275862068965523], [-51.14507299270073, 23.327586206896555], [-51.02189781021899, 23.327586206896555], [-50.9808394160584, 23.379310344827587], [-50.9808394160584, 23.53448275862069], [-51.02189781021899, 23.43103448275862], [-51.14507299270073, 23.327586206896555], [-51.18613138686132, 23.379310344827587], [-51.26824817518248, 23.379310344827587], [-51.35036496350365, 23.53448275862069], [-51.39142335766424, 23.48275862068965], [-51.47354014598541, 23.586206896551722], [-51.432481751824824, 23.689655172413794], [-51.39142335766424, 23.637931034482754], [-51.35036496350365, 23.689655172413794], [-51.39142335766424, 23.793103448275865], [-51.26824817518248, 23.948275862068968], [-51.18613138686132, 23.948275862068968], [-51.14507299270073, 23.89655172413793]]]}, "properties": {"id": 95, "altitude_m": 4000.0}},{"type": "Feature", "geometry": {"type": "Polygon", "coordinates": [[[-116.30474452554745, 24.206896551724142], [-116.4279197080292, 23.48275862068965], [-117.00273722627738, 23.379310344827587], [-116.6742700729927, 23.120689655172413], [-116.34580291970804, 23.379310344827587], [-116.26368613138686, 23.172413793103445], [-117.08485401459853, 21.98275862068966], [-116.6742700729927, 21.310344827586206], [-116.96167883211679, 21.051724137931032], [-116.75638686131387, 21.0], [-116.59215328467154, 20.01724137931035], [-117.04379562043796, 19.706896551724135], [-117.1669708029197, 18.879310344827587], [-116.96167883211679, 19.08620689655173], [-116.9206204379562, 18.827586206896548], [-116.71532846715328, 19.448275862068968], [-116.59215328467154, 18.827586206896548], [-115.93521897810218, 19.03448275862069], [-115.97627737226277, 19.448275862068968], [-115.81204379562044, 19.293103448275858], [-115.81204379562044, 19.655172413793103], [-115.60675182481752, 19.758620689655174], [-115.77098540145985, 18.98275862068965], [-115.64781021897811, 18.775862068965516], [-115.4014598540146, 19.08620689655173], [-115.72992700729927, 19.91379310344827], [-115.68886861313868, 21.0], [-115.44251824817518, 20.948275862068968], [-115.36040145985402, 21.46551724137931], [-115.07299270072993, 21.56896551724138], [-114.9087591240876, 21.362068965517246], [-115.03193430656934, 22.551724137931032], [-115.31934306569343, 23.06896551724138], [-115.19616788321167, 23.379310344827587], [-114.94981751824818, 23.01724137931034], [-115.03193430656934, 23.741379310344833], [-115.23722627737226, 23.327586206896555], [-115.68886861313868, 23.275862068965523], [-115.85310218978103, 23.637931034482754], [-116.26368613138686, 23.224137931034484], [-116.1405109489051, 23.689655172413794]]]}, "properties": {"id": 96, "altitude_m": 4000.0}},{"type": "Feature", "geometry": {"type": "Polygon", "coordinates": [[[-88.13868613138686, 24.310344827586206], [-88.09762773722628, 24.36206896551724], [-88.13868613138686, 24.310344827586206], [-88.09762773722628, 24.258620689655174], [-88.17974452554745, 24.15517241379311], [-88.22080291970804, 24.15517241379311], [-88.22080291970804, 24.0], [-88.26186131386862, 23.89655172413793], [-88.22080291970804, 23.89655172413793], [-88.17974452554745, 23.844827586206897], [-88.22080291970804, 23.793103448275865], [-88.17974452554745, 23.793103448275865], [-88.13868613138686, 23.689655172413794], [-88.09762773722628, 23.741379310344833], [-88.0155109489051, 23.586206896551722], [-87.97445255474453, 23.637931034482754], [-87.85127737226277, 23.637931034482754], [-87.8102189781022, 23.689655172413794], [-87.76916058394161, 23.637931034482754], [-87.72810218978103, 23.689655172413794], [-87.68704379562044, 23.637931034482754], [-87.56386861313868, 23.637931034482754], [-87.5228102189781, 23.689655172413794], [-87.56386861313868, 23.793103448275865], [-87.5228102189781, 23.844827586206897], [-87.48175182481751, 23.793103448275865], [-87.44069343065694, 23.844827586206897], [-87.44069343065694, 23.89655172413793], [-87.5228102189781, 23.844827586206897], [-87.64598540145985, 24.051724137931032], [-87.8102189781022, 24.051724137931032], [-87.85127737226277, 24.103448275862064], [-87.85127737226277, 24.051724137931032], [-87.93339416058394, 23.948275862068968], [-87.97445255474453, 23.948275862068968], [-87.97445255474453, 23.89655172413793], [-87.89233576642336, 23.844827586206897], [-88.05656934306569, 23.741379310344833], [-88.13868613138686, 23.844827586206897], [-88.13868613138686, 24.051724137931032], [-88.05656934306569, 24.103448275862064], [-88.0155109489051, 24.206896551724142], [-88.05656934306569, 24.206896551724142]]]}, "properties": {"id": 97, "altitude_m": 4000.0}},{"type": "Feature", "geometry": {"type": "Polygon", "coordinates": [[[-112.85583941605839, 24.36206896551724], [-112.93795620437956, 24.258620689655174], [-113.06113138686132, 24.310344827586206], [-113.18430656934306, 23.948275862068968], [-113.26642335766424, 24.206896551724142], [-113.51277372262774, 24.206896551724142], [-113.43065693430657, 24.051724137931032], [-113.80018248175182, 23.793103448275865], [-113.8412408759124, 23.43103448275862], [-113.67700729927007, 23.275862068965523], [-113.8412408759124, 23.06896551724138], [-113.96441605839416, 23.120689655172413], [-113.92335766423358, 22.96551724137931], [-114.08759124087591, 22.862068965517246], [-114.08759124087591, 22.551724137931032], [-113.92335766423358, 22.189655172413794], [-113.80018248175182, 22.5], [-113.75912408759125, 22.396551724137936], [-113.5948905109489, 22.448275862068968], [-113.55383211678833, 22.189655172413794], [-113.75912408759125, 22.086206896551722], [-113.8412408759124, 21.724137931034477], [-113.75912408759125, 21.827586206896555], [-113.63594890510949, 21.672413793103445], [-113.30748175182482, 21.98275862068966], [-113.14324817518248, 21.775862068965516], [-113.06113138686132, 21.98275862068966], [-113.14324817518248, 22.189655172413794], [-112.89689781021897, 22.603448275862064], [-112.73266423357664, 22.603448275862064], [-112.73266423357664, 22.810344827586206], [-112.89689781021897, 22.706896551724135], [-113.10218978102189, 22.758620689655174], [-112.97901459854015, 23.172413793103445], [-112.81478102189782, 23.120689655172413], [-112.77372262773723, 22.96551724137931], [-112.89689781021897, 22.913793103448278], [-112.93795620437956, 23.01724137931034], [-112.89689781021897, 22.862068965517246], [-112.73266423357664, 22.913793103448278], [-112.81478102189782, 23.120689655172413], [-112.77372262773723, 23.689655172413794], [-112.56843065693431, 23.48275862068965], [-112.48631386861314, 23.53448275862069], [-112.48631386861314, 23.689655172413794], [-112.65054744525547, 23.741379310344833], [-112.6094890510949, 23.89655172413793], [-112.69160583941606, 23.844827586206897], [-112.81478102189782, 24.051724137931032]]]}, "properties": {"id": 98, "altitude_m": 4000.0}},{"type": "Feature", "geometry": {"type": "Polygon", "coordinates": [[[-49.502737226277375, 24.36206896551724], [-49.74908759124088, 24.413793103448278], [-49.790145985401466, 24.51724137931034], [-49.74908759124088, 24.413793103448278], [-49.790145985401466, 24.36206896551724], [-49.872262773722625, 24.36206896551724], [-49.91332116788321, 24.258620689655174], [-50.03649635036497, 24.258620689655174], [-50.07755474452554, 24.310344827586206], [-49.995437956204384, 24.36206896551724], [-49.9543795620438, 24.46551724137931], [-50.11861313868613, 24.46551724137931], [-50.159671532846716, 24.206896551724142], [-49.995437956204384, 24.206896551724142], [-49.91332116788321, 24.103448275862064], [-50.03649635036497, 23.948275862068968], [-50.07755474452554, 24.0], [-50.11861313868613, 23.948275862068968], [-50.159671532846716, 24.0], [-50.36496350364963, 24.0], [-50.40602189781022, 24.051724137931032], [-50.36496350364963, 24.0], [-50.48813868613139, 23.948275862068968], [-50.52919708029198, 23.844827586206897], [-50.69343065693431, 23.844827586206897], [-50.570255474452566, 23.741379310344833], [-50.61131386861314, 23.689655172413794], [-50.52919708029198, 23.586206896551722], [-50.570255474452566, 23.53448275862069], [-50.40602189781022, 23.53448275862069], [-50.07755474452554, 23.844827586206897], [-49.995437956204384, 23.793103448275865], [-49.70802919708029, 23.793103448275865], [-49.584854014598534, 23.741379310344833], [-49.70802919708029, 23.793103448275865], [-49.66697080291971, 23.844827586206897], [-49.54379562043796, 23.844827586206897], [-49.584854014598534, 23.948275862068968], [-49.4206204379562, 24.103448275862064], [-49.502737226277375, 24.051724137931032], [-49.54379562043796, 24.103448275862064], [-49.502737226277375, 24.206896551724142], [-49.54379562043796, 24.310344827586206]]]}, "properties": {"id": 99, "altitude_m": 4000.0}},{"type": "Feature", "geometry": {"type": "Polygon", "coordinates": [[[-93.72262773722628, 24.206896551724142], [-93.59945255474453, 23.948275862068968], [-93.51733576642336, 24.051724137931032], [-93.55839416058394, 24.103448275862064], [-93.47627737226277, 24.15517241379311], [-93.3941605839416, 24.0], [-93.43521897810218, 23.948275862068968], [-93.43521897810218, 23.844827586206897], [-93.31204379562044, 23.948275862068968], [-93.22992700729927, 23.948275862068968], [-93.10675182481752, 23.844827586206897], [-92.98357664233576, 24.0], [-92.94251824817519, 23.89655172413793], [-92.77828467153284, 23.89655172413793], [-92.73722627737226, 23.844827586206897], [-92.61405109489051, 24.0], [-92.57299270072993, 24.0], [-92.61405109489051, 24.103448275862064], [-92.69616788321167, 24.15517241379311], [-92.73722627737226, 24.103448275862064], [-92.86040145985402, 24.310344827586206], [-92.77828467153284, 24.15517241379311], [-92.9014598540146, 24.051724137931032], [-92.94251824817519, 24.103448275862064], [-92.98357664233576, 24.051724137931032], [-93.18886861313868, 24.051724137931032], [-93.31204379562044, 24.206896551724142], [-93.18886861313868, 24.310344827586206], [-93.27098540145985, 24.310344827586206], [-93.31204379562044, 24.36206896551724], [-93.27098540145985, 24.46551724137931], [-93.22992700729927, 24.413793103448278], [-93.22992700729927, 24.46551724137931], [-93.31204379562044, 24.51724137931034], [-93.31204379562044, 24.620689655172413], [-93.3941605839416, 24.620689655172413], [-93.35310218978103, 24.568965517241374], [-93.55839416058394, 24.413793103448278], [-93.47627737226277, 24.46551724137931], [-93.43521897810218, 24.413793103448278], [-93.43521897810218, 24.310344827586206], [-93.51733576642336, 24.206896551724142], [-93.59945255474453, 24.206896551724142], [-93.6405109489051, 24.15517241379311]]]}, "properties": {"id": 100, "altitude_m": 4000.0}},{"type": "Feature", "geometry": {"type": "Polygon", "coordinates": [[[-46.833941605839414, 24.051724137931032], [-46.916058394160586, 24.0], [-47.08029197080292, 24.206896551724142], [-47.03923357664233, 24.310344827586206], [-46.875, 24.258620689655174], [-47.121350364963504, 24.620689655172413], [-47.08029197080292, 24.672413793103452], [-47.20346715328468, 24.724137931034484], [-47.24452554744525, 24.827586206896555], [-47.32664233576642, 24.827586206896555], [-47.408759124087595, 24.672413793103452], [-47.44981751824817, 24.827586206896555], [-47.57299270072993, 24.879310344827587], [-47.490875912408754, 24.98275862068965], [-47.61405109489051, 24.724137931034484], [-47.86040145985402, 24.568965517241374], [-47.81934306569343, 24.413793103448278], [-47.942518248175176, 24.258620689655174], [-47.98357664233576, 24.310344827586206], [-47.942518248175176, 24.46551724137931], [-48.065693430656935, 24.51724137931034], [-48.02463503649635, 24.310344827586206], [-48.10675182481752, 24.258620689655174], [-48.18886861313868, 24.413793103448278], [-48.22992700729927, 24.36206896551724], [-48.18886861313868, 24.310344827586206], [-48.27098540145985, 24.258620689655174], [-48.27098540145985, 23.948275862068968], [-48.10675182481752, 24.0], [-48.147810218978094, 24.051724137931032], [-48.10675182481752, 24.258620689655174], [-48.065693430656935, 24.103448275862064], [-47.98357664233576, 24.103448275862064], [-47.86040145985402, 24.258620689655174], [-47.81934306569343, 24.15517241379311], [-47.6551094890511, 24.206896551724142], [-47.57299270072993, 24.051724137931032], [-47.53193430656934, 24.15517241379311], [-47.44981751824817, 24.15517241379311], [-47.490875912408754, 24.206896551724142], [-47.36770072992701, 24.36206896551724], [-47.16240875912409, 24.15517241379311], [-47.08029197080292, 24.206896551724142], [-46.998175182481745, 24.051724137931032], [-46.833941605839414, 23.948275862068968]]]}, "properties": {"id": 101, "altitude_m": 4000.0}},{"type": "Feature", "geometry": {"type": "Polygon", "coordinates": [[[-92.36770072992701, 24.879310344827587], [-92.4087591240876, 24.672413793103452], [-92.08029197080292, 24.46551724137931], [-91.66970802919708, 24.51724137931034], [-91.6286496350365, 24.310344827586206], [-91.91605839416059, 24.15517241379311], [-92.1213503649635, 24.36206896551724], [-91.66970802919708, 23.89655172413793], [-91.75182481751824, 24.103448275862064], [-91.50547445255475, 24.51724137931034], [-91.05383211678833, 24.206896551724142], [-91.42335766423358, 23.793103448275865], [-91.25912408759123, 23.741379310344833], [-91.21806569343066, 22.913793103448278], [-90.93065693430657, 22.551724137931032], [-91.3412408759124, 22.5], [-91.3412408759124, 22.086206896551722], [-91.17700729927007, 22.241379310344826], [-90.93065693430657, 21.879310344827587], [-90.80748175182481, 22.293103448275865], [-90.52007299270073, 22.293103448275865], [-90.64324817518248, 22.137931034482754], [-90.43795620437956, 22.086206896551722], [-90.43795620437956, 22.241379310344826], [-89.61678832116789, 22.551724137931032], [-89.49361313868613, 22.344827586206897], [-89.8220802919708, 21.98275862068966], [-89.53467153284672, 21.827586206896555], [-89.45255474452554, 22.344827586206897], [-89.61678832116789, 22.551724137931032], [-89.3293795620438, 23.06896551724138], [-89.0419708029197, 23.224137931034484], [-89.00091240875912, 23.689655172413794], [-89.20620437956205, 23.948275862068968], [-88.95985401459853, 24.206896551724142], [-89.78102189781022, 24.827586206896555], [-90.1094890510949, 24.775862068965516], [-90.39689781021897, 25.08620689655173], [-90.64324817518248, 24.98275862068965], [-90.60218978102189, 24.775862068965516], [-91.38229927007299, 25.13793103448276], [-92.16240875912408, 24.724137931034484], [-92.16240875912408, 24.879310344827587]]]}, "properties": {"id": 102, "altitude_m": 4000.0}},{"type": "Feature", "geometry": {"type": "Polygon", "coordinates": [[[-108.95529197080292, 25.44827586206896], [-108.91423357664233, 25.39655172413793], [-108.95529197080292, 25.344827586206897], [-108.83211678832117, 25.08620689655173], [-108.70894160583941, 25.08620689655173], [-108.66788321167883, 25.034482758620683], [-108.70894160583941, 24.98275862068965], [-108.62682481751824, 24.98275862068965], [-108.54470802919708, 24.827586206896555], [-108.46259124087591, 24.775862068965516], [-108.54470802919708, 24.620689655172413], [-108.62682481751824, 24.620689655172413], [-108.62682481751824, 24.51724137931034], [-108.54470802919708, 24.51724137931034], [-108.5036496350365, 24.413793103448278], [-108.38047445255475, 24.413793103448278], [-108.29835766423358, 24.310344827586206], [-108.25729927007299, 24.36206896551724], [-108.17518248175182, 24.258620689655174], [-108.05200729927007, 24.310344827586206], [-108.05200729927007, 24.413793103448278], [-108.09306569343066, 24.46551724137931], [-108.05200729927007, 24.51724137931034], [-108.09306569343066, 24.620689655172413], [-108.01094890510949, 24.672413793103452], [-108.01094890510949, 25.08620689655173], [-107.9698905109489, 25.13793103448276], [-107.88777372262774, 25.034482758620683], [-107.80565693430657, 25.034482758620683], [-107.88777372262774, 25.241379310344826], [-107.92883211678833, 25.241379310344826], [-108.01094890510949, 25.08620689655173], [-108.17518248175182, 25.08620689655173], [-108.2162408759124, 25.034482758620683], [-108.25729927007299, 25.13793103448276], [-108.17518248175182, 25.189655172413794], [-108.29835766423358, 25.189655172413794], [-108.33941605839416, 25.241379310344826], [-108.54470802919708, 25.189655172413794], [-108.62682481751824, 25.08620689655173], [-108.75, 25.39655172413793], [-108.91423357664233, 25.39655172413793]]]}, "properties": {"id": 103, "altitude_m": 4000.0}},{"type": "Feature", "geometry": {"type": "Polygon", "coordinates": [[[-56.113138686131386, 25.706896551724142], [-56.19525547445256, 25.655172413793103], [-56.27737226277372, 25.706896551724142], [-56.15419708029197, 25.810344827586206], [-56.15419708029197, 25.86206896551724], [-56.27737226277372, 25.758620689655174], [-56.35948905109489, 25.758620689655174], [-56.40054744525548, 25.655172413793103], [-56.605839416058394, 25.758620689655174], [-56.605839416058394, 25.655172413793103], [-56.48266423357664, 25.5], [-56.605839416058394, 25.344827586206897], [-56.64689781021898, 25.44827586206896], [-56.77007299270073, 25.44827586206896], [-56.97536496350365, 25.758620689655174], [-57.0985401459854, 25.60344827586207], [-57.0985401459854, 25.551724137931032], [-56.89324817518248, 25.241379310344826], [-56.97536496350365, 25.39655172413793], [-56.97536496350365, 25.44827586206896], [-56.89324817518248, 25.5], [-56.77007299270073, 25.344827586206897], [-56.81113138686131, 25.293103448275865], [-56.77007299270073, 25.189655172413794], [-56.68795620437956, 25.189655172413794], [-56.56478102189781, 25.08620689655173], [-56.48266423357664, 25.13793103448276], [-56.40054744525548, 25.034482758620683], [-56.35948905109489, 25.08620689655173], [-56.27737226277372, 25.08620689655173], [-56.318430656934304, 25.344827586206897], [-56.35948905109489, 25.39655172413793], [-56.318430656934304, 25.5], [-56.35948905109489, 25.44827586206896], [-56.441605839416056, 25.5], [-56.40054744525548, 25.551724137931032], [-56.40054744525548, 25.655172413793103], [-56.318430656934304, 25.758620689655174], [-56.27737226277372, 25.655172413793103], [-56.15419708029197, 25.551724137931032]]]}, "properties": {"id": 104, "altitude_m": 4000.0}},{"type": "Feature", "geometry": {"type": "Polygon", "coordinates": [[[-86.37317518248176, 24.672413793103452], [-86.25, 24.46551724137931], [-86.20894160583941, 24.672413793103452], [-86.0036496350365, 24.672413793103452], [-86.16788321167883, 24.413793103448278], [-85.79835766423358, 24.103448275862064], [-85.75729927007299, 24.310344827586206], [-85.46989051094891, 23.741379310344833], [-85.14142335766424, 23.689655172413794], [-85.2235401459854, 23.327586206896555], [-85.7162408759124, 23.43103448275862], [-85.18248175182481, 23.120689655172413], [-85.01824817518249, 23.172413793103445], [-85.2235401459854, 23.275862068965523], [-85.10036496350365, 23.43103448275862], [-84.11496350364963, 23.48275862068965], [-84.19708029197079, 23.586206896551722], [-83.9507299270073, 23.741379310344833], [-84.15602189781022, 24.0], [-84.11496350364963, 24.413793103448278], [-83.74543795620437, 24.15517241379311], [-83.90967153284672, 24.0], [-83.58120437956205, 23.948275862068968], [-83.4169708029197, 24.103448275862064], [-83.62226277372262, 24.258620689655174], [-83.54014598540147, 24.413793103448278], [-83.12956204379563, 24.36206896551724], [-83.08850364963504, 24.672413793103452], [-82.84215328467153, 24.672413793103452], [-82.88321167883211, 24.258620689655174], [-82.34945255474453, 24.413793103448278], [-82.10310218978103, 24.103448275862064], [-82.14416058394161, 24.36206896551724], [-82.47262773722628, 24.413793103448278], [-82.71897810218978, 25.13793103448276], [-83.62226277372262, 25.241379310344826], [-83.7043795620438, 24.93103448275862], [-83.78649635036496, 25.13793103448276], [-83.90967153284672, 25.034482758620683], [-83.99178832116789, 25.293103448275865], [-83.7043795620438, 25.655172413793103], [-83.9507299270073, 25.706896551724142], [-83.86861313868613, 25.86206896551724], [-84.27919708029196, 26.172413793103452], [-84.89507299270073, 26.379310344827587], [-85.46989051094891, 26.224137931034484], [-85.88047445255475, 25.86206896551724], [-85.75729927007299, 25.344827586206897]]]}, "properties": {"id": 105, "altitude_m": 4000.0}},{"type": "Feature", "geometry": {"type": "Polygon", "coordinates": [[[-65.67974452554745, 25.344827586206897], [-65.43339416058394, 24.775862068965516], [-65.18704379562044, 24.724137931034484], [-65.43339416058394, 24.672413793103452], [-65.3102189781022, 24.413793103448278], [-65.10492700729927, 24.672413793103452], [-64.24270072992701, 24.103448275862064], [-64.36587591240875, 24.258620689655174], [-64.11952554744525, 24.46551724137931], [-64.36587591240875, 24.51724137931034], [-64.65328467153284, 24.98275862068965], [-64.36587591240875, 25.13793103448276], [-64.40693430656934, 24.775862068965516], [-64.24270072992701, 24.93103448275862], [-63.791058394160586, 24.103448275862064], [-63.17518248175183, 23.53448275862069], [-62.43613138686131, 23.172413793103445], [-62.68248175182482, 23.379310344827587], [-62.35401459854015, 23.48275862068965], [-62.76459854014598, 24.051724137931032], [-62.68248175182482, 24.36206896551724], [-63.134124087591246, 24.827586206896555], [-63.95529197080292, 25.13793103448276], [-63.95529197080292, 25.293103448275865], [-63.42153284671532, 25.60344827586207], [-63.54470802919708, 25.86206896551724], [-63.75, 25.655172413793103], [-63.996350364963504, 26.120689655172413], [-63.66788321167883, 26.01724137931035], [-63.66788321167883, 26.275862068965516], [-64.07846715328468, 26.120689655172413], [-64.16058394160584, 26.58620689655173], [-64.40693430656934, 26.48275862068965], [-64.2837591240876, 26.172413793103452], [-64.48905109489051, 25.96551724137931], [-64.73540145985402, 26.327586206896548], [-64.89963503649635, 26.120689655172413], [-64.61222627737226, 25.96551724137931], [-64.69434306569343, 25.810344827586206], [-65.0228102189781, 26.06896551724138], [-65.14598540145985, 25.91379310344827], [-65.26916058394161, 24.98275862068965], [-65.35127737226277, 25.39655172413793]]]}, "properties": {"id": 106, "altitude_m": 4000.0}},{"type": "Feature", "geometry": {"type": "Polygon", "coordinates": [[[-107.92883211678833, 26.48275862068965], [-107.9698905109489, 26.43103448275862], [-108.01094890510949, 26.48275862068965], [-108.09306569343066, 26.48275862068965], [-108.13412408759125, 26.43103448275862], [-108.2162408759124, 26.58620689655173], [-108.29835766423358, 26.53448275862069], [-108.33941605839416, 26.58620689655173], [-108.33941605839416, 26.689655172413794], [-108.42153284671532, 26.48275862068965], [-108.46259124087591, 26.58620689655173], [-108.58576642335767, 26.58620689655173], [-108.75, 26.43103448275862], [-108.79105839416059, 26.43103448275862], [-108.87317518248176, 26.224137931034484], [-108.91423357664233, 26.327586206896548], [-108.95529197080292, 26.275862068965516], [-108.79105839416059, 26.172413793103452], [-108.75, 25.96551724137931], [-108.58576642335767, 26.06896551724138], [-108.54470802919708, 26.01724137931035], [-108.58576642335767, 25.91379310344827], [-108.62682481751824, 25.91379310344827], [-108.54470802919708, 25.96551724137931], [-108.42153284671532, 25.96551724137931], [-108.38047445255475, 26.01724137931035], [-108.46259124087591, 26.06896551724138], [-108.29835766423358, 26.224137931034484], [-108.2162408759124, 26.172413793103452], [-108.13412408759125, 26.224137931034484], [-108.09306569343066, 26.172413793103452], [-108.13412408759125, 26.224137931034484], [-108.09306569343066, 26.275862068965516], [-107.88777372262774, 26.275862068965516], [-107.88777372262774, 26.327586206896548], [-107.92883211678833, 26.275862068965516], [-108.01094890510949, 26.327586206896548], [-108.01094890510949, 26.379310344827587], [-107.92883211678833, 26.43103448275862]]]}, "properties": {"id": 107, "altitude_m": 4000.0}},{"type": "Feature", "geometry": {"type": "Polygon", "coordinates": [[[-65.18704379562044, 26.48275862068965], [-65.39233576642336, 26.58620689655173], [-65.43339416058394, 26.844827586206897], [-65.63868613138686, 27.0], [-65.59762773722628, 26.689655172413794], [-65.39233576642336, 26.48275862068965], [-65.5155109489051, 26.379310344827587], [-65.72080291970804, 26.58620689655173], [-65.67974452554745, 26.43103448275862], [-65.8439781021898, 26.275862068965516], [-66.00821167883211, 26.43103448275862], [-66.13138686131387, 26.275862068965516], [-65.92609489051094, 26.01724137931035], [-66.13138686131387, 25.96551724137931], [-66.13138686131387, 26.120689655172413], [-66.25456204379563, 25.91379310344827], [-66.70620437956205, 26.06896551724138], [-67.11678832116789, 25.96551724137931], [-67.15784671532847, 26.172413793103452], [-67.2810218978102, 26.01724137931035], [-67.23996350364963, 25.810344827586206], [-67.77372262773723, 25.551724137931032], [-67.32208029197079, 25.758620689655174], [-67.2810218978102, 25.551724137931032], [-67.40419708029196, 25.39655172413793], [-67.15784671532847, 25.344827586206897], [-67.44525547445255, 25.189655172413794], [-67.19890510948906, 24.775862068965516], [-66.99361313868613, 24.827586206896555], [-66.99361313868613, 24.620689655172413], [-66.74726277372264, 24.51724137931034], [-66.74726277372264, 24.879310344827587], [-66.91149635036496, 24.672413793103452], [-66.91149635036496, 25.034482758620683], [-67.11678832116789, 25.08620689655173], [-67.11678832116789, 25.44827586206896], [-66.82937956204378, 25.551724137931032], [-67.11678832116789, 25.60344827586207], [-66.5830291970803, 25.655172413793103], [-66.41879562043795, 25.91379310344827], [-65.88503649635037, 25.96551724137931], [-65.80291970802921, 26.172413793103452], [-65.76186131386862, 25.96551724137931], [-65.47445255474452, 25.96551724137931], [-65.59762773722628, 26.06896551724138], [-65.39233576642336, 26.275862068965516], [-65.14598540145985, 26.06896551724138], [-65.26916058394161, 26.379310344827587]]]}, "properties": {"id": 108, "altitude_m": 4000.0}},{"type": "Feature", "geometry": {"type": "Polygon", "coordinates": [[[-111.87043795620438, 27.41379310344827], [-111.78832116788321, 27.258620689655174], [-111.99361313868613, 27.206896551724135], [-112.15784671532847, 26.89655172413793], [-111.78832116788321, 26.275862068965516], [-111.50091240875912, 26.172413793103452], [-111.62408759124088, 26.06896551724138], [-111.62408759124088, 25.706896551724142], [-111.50091240875912, 25.344827586206897], [-111.21350364963504, 25.08620689655173], [-111.17244525547446, 24.568965517241374], [-110.72080291970804, 24.258620689655174], [-110.84397810218978, 24.568965517241374], [-110.76186131386861, 24.672413793103452], [-110.72080291970804, 24.413793103448278], [-110.31021897810218, 23.948275862068968], [-110.5155109489051, 23.89655172413793], [-110.18704379562044, 23.793103448275865], [-110.14598540145985, 23.43103448275862], [-109.98175182481752, 23.327586206896555], [-110.18704379562044, 23.89655172413793], [-109.94069343065694, 23.89655172413793], [-110.14598540145985, 24.0], [-110.02281021897811, 24.103448275862064], [-110.14598540145985, 24.258620689655174], [-110.02281021897811, 24.46551724137931], [-109.61222627737226, 24.413793103448278], [-109.2837591240876, 24.620689655172413], [-108.9963503649635, 24.46551724137931], [-109.07846715328468, 24.724137931034484], [-109.24270072992701, 24.620689655172413], [-109.32481751824818, 25.08620689655173], [-109.03740875912409, 25.13793103448276], [-109.03740875912409, 25.344827586206897], [-109.40693430656934, 25.810344827586206], [-109.48905109489051, 25.60344827586207], [-109.48905109489051, 25.758620689655174], [-109.81751824817519, 25.810344827586206], [-109.98175182481752, 26.172413793103452], [-110.18704379562044, 26.275862068965516], [-110.18704379562044, 26.63793103448276], [-111.17244525547446, 26.379310344827587], [-111.21350364963504, 26.844827586206897], [-111.5830291970803, 27.36206896551724]]]}, "properties": {"id": 109, "altitude_m": 4000.0}},{"type": "Feature", "geometry": {"type": "Polygon", "coordinates": [[[-92.98357664233576, 27.206896551724135], [-93.22992700729927, 27.465517241379317], [-93.3941605839416, 27.10344827586207], [-93.88686131386862, 27.465517241379317], [-95.24178832116789, 26.793103448275858], [-95.69343065693431, 26.793103448275858], [-95.65237226277372, 27.155172413793103], [-95.85766423357664, 27.155172413793103], [-95.9808394160584, 26.948275862068968], [-95.7344890510949, 26.741379310344826], [-96.35036496350365, 26.741379310344826], [-95.7344890510949, 26.58620689655173], [-95.69343065693431, 26.275862068965516], [-96.02189781021897, 26.01724137931035], [-95.85766423357664, 25.96551724137931], [-95.93978102189782, 25.706896551724142], [-96.35036496350365, 25.96551724137931], [-96.59671532846716, 25.758620689655174], [-96.51459854014598, 25.344827586206897], [-96.84306569343066, 25.706896551724142], [-97.45894160583941, 25.39655172413793], [-97.21259124087592, 25.344827586206897], [-97.29470802919708, 25.034482758620683], [-97.54105839416059, 25.241379310344826], [-97.62317518248176, 25.034482758620683], [-97.08941605839416, 24.724137931034484], [-96.43248175182481, 24.93103448275862], [-96.67883211678833, 24.46551724137931], [-96.4735401459854, 23.948275862068968], [-96.06295620437956, 24.15517241379311], [-95.93978102189782, 24.568965517241374], [-96.14507299270073, 24.775862068965516], [-95.81660583941606, 25.13793103448276], [-95.48813868613138, 25.034482758620683], [-95.40602189781022, 25.39655172413793], [-95.57025547445255, 25.5], [-95.11861313868613, 25.758620689655174], [-95.40602189781022, 24.827586206896555], [-94.50273722627738, 24.46551724137931], [-94.4206204379562, 24.827586206896555], [-94.62591240875912, 25.189655172413794], [-94.01003649635037, 25.551724137931032], [-93.80474452554745, 25.293103448275865], [-93.68156934306569, 26.224137931034484], [-93.3941605839416, 26.275862068965516], [-93.3941605839416, 26.689655172413794], [-93.10675182481752, 26.793103448275858]]]}, "properties": {"id": 110, "altitude_m": 4000.0}},{"type": "Feature", "geometry": {"type": "Polygon", "coordinates": [[[-62.39507299270073, 27.620689655172413], [-62.51824817518248, 27.620689655172413], [-62.64142335766424, 27.465517241379317], [-63.01094890510949, 27.620689655172413], [-62.92883211678833, 27.56896551724138], [-62.9698905109489, 27.41379310344827], [-62.80565693430657, 27.258620689655174], [-62.88777372262774, 27.206896551724135], [-62.88777372262774, 27.10344827586207], [-63.42153284671532, 27.41379310344827], [-63.38047445255475, 27.206896551724135], [-63.46259124087591, 27.10344827586207], [-63.75, 27.36206896551724], [-64.03740875912409, 27.310344827586206], [-64.11952554744525, 27.41379310344827], [-64.11952554744525, 27.206896551724135], [-64.40693430656934, 27.41379310344827], [-64.2837591240876, 27.258620689655174], [-64.44799270072993, 27.258620689655174], [-64.03740875912409, 26.793103448275858], [-63.91423357664233, 26.793103448275858], [-63.83211678832117, 26.948275862068968], [-63.708941605839414, 26.89655172413793], [-63.791058394160586, 26.948275862068968], [-63.66788321167883, 27.0], [-63.54470802919708, 26.741379310344826], [-63.42153284671532, 26.89655172413793], [-63.38047445255475, 26.793103448275858], [-63.29835766423358, 26.89655172413793], [-63.17518248175183, 26.793103448275858], [-62.88777372262774, 26.793103448275858], [-62.80565693430657, 26.948275862068968], [-62.76459854014598, 26.844827586206897], [-62.64142335766424, 26.89655172413793], [-62.846715328467155, 27.0], [-62.846715328467155, 27.206896551724135], [-62.7235401459854, 27.258620689655174], [-62.68248175182482, 27.41379310344827], [-62.39507299270073, 27.51724137931035]]]}, "properties": {"id": 111, "altitude_m": 4000.0}},{"type": "Feature", "geometry": {"type": "Polygon", "coordinates": [[[-85.18248175182481, 27.465517241379317], [-85.26459854014598, 27.56896551724138], [-85.46989051094891, 27.56896551724138], [-85.63412408759123, 27.724137931034484], [-85.79835766423358, 27.724137931034484], [-86.12682481751824, 27.258620689655174], [-86.25, 27.36206896551724], [-86.41423357664235, 27.10344827586207], [-86.57846715328466, 27.258620689655174], [-86.57846715328466, 27.36206896551724], [-86.7837591240876, 27.310344827586206], [-86.9890510948905, 27.465517241379317], [-86.74270072992701, 27.620689655172413], [-86.94799270072993, 27.56896551724138], [-87.03010948905109, 27.465517241379317], [-86.90693430656934, 27.206896551724135], [-87.03010948905109, 27.206896551724135], [-86.9890510948905, 27.155172413793103], [-87.07116788321167, 27.05172413793104], [-86.94799270072993, 26.793103448275858], [-87.11222627737226, 26.43103448275862], [-87.07116788321167, 26.327586206896548], [-87.19434306569343, 26.224137931034484], [-87.19434306569343, 26.120689655172413], [-87.11222627737226, 26.275862068965516], [-86.90693430656934, 26.275862068965516], [-86.70164233576642, 26.48275862068965], [-86.61952554744525, 26.43103448275862], [-86.70164233576642, 26.275862068965516], [-86.82481751824818, 26.275862068965516], [-86.70164233576642, 26.275862068965516], [-86.61952554744525, 26.379310344827587], [-86.57846715328466, 26.327586206896548], [-86.45529197080292, 26.48275862068965], [-86.33211678832117, 26.43103448275862], [-86.33211678832117, 26.58620689655173], [-86.16788321167883, 26.48275862068965], [-86.0036496350365, 26.793103448275858], [-85.63412408759123, 26.793103448275858], [-85.5109489051095, 26.948275862068968], [-85.42883211678833, 26.89655172413793], [-85.18248175182481, 27.206896551724135], [-85.26459854014598, 27.258620689655174]]]}, "properties": {"id": 112, "altitude_m": 4000.0}},{"type": "Feature", "geometry": {"type": "Polygon", "coordinates": [[[-115.64781021897811, 27.827586206896548], [-115.64781021897811, 27.724137931034484], [-115.52463503649635, 27.672413793103445], [-115.44251824817518, 27.724137931034484], [-115.27828467153284, 27.51724137931035], [-115.36040145985402, 27.465517241379317], [-115.4014598540146, 27.310344827586206], [-115.56569343065694, 27.155172413793103], [-115.52463503649635, 27.05172413793104], [-115.56569343065694, 26.948275862068968], [-115.48357664233576, 26.89655172413793], [-115.44251824817518, 26.793103448275858], [-115.31934306569343, 26.793103448275858], [-115.27828467153284, 26.844827586206897], [-115.07299270072993, 26.793103448275858], [-115.03193430656934, 26.741379310344826], [-115.03193430656934, 26.58620689655173], [-114.99087591240875, 26.58620689655173], [-114.94981751824818, 26.48275862068965], [-114.9087591240876, 26.53448275862069], [-114.82664233576642, 26.48275862068965], [-114.86770072992701, 26.327586206896548], [-114.82664233576642, 26.275862068965516], [-114.78558394160584, 26.327586206896548], [-114.82664233576642, 26.48275862068965], [-114.74452554744525, 26.53448275862069], [-114.82664233576642, 26.63793103448276], [-114.78558394160584, 26.689655172413794], [-114.70346715328468, 26.63793103448276], [-114.66240875912409, 26.741379310344826], [-114.58029197080292, 26.63793103448276], [-114.58029197080292, 26.689655172413794], [-114.82664233576642, 26.948275862068968], [-114.74452554744525, 27.05172413793104], [-114.9087591240876, 27.155172413793103], [-114.86770072992701, 27.206896551724135], [-114.9087591240876, 27.310344827586206], [-114.86770072992701, 27.36206896551724], [-114.9087591240876, 27.41379310344827], [-114.86770072992701, 27.51724137931035], [-114.94981751824818, 27.672413793103445], [-114.9087591240876, 27.827586206896548], [-115.11405109489051, 27.931034482758626], [-115.1551094890511, 27.724137931034484], [-115.23722627737226, 27.620689655172413], [-115.36040145985402, 27.724137931034484], [-115.36040145985402, 27.879310344827587], [-115.60675182481752, 27.775862068965516]]]}, "properties": {"id": 113, "altitude_m": 4000.0}},{"type": "Feature", "geometry": {"type": "Polygon", "coordinates": [[[-61.65602189781021, 27.310344827586206], [-61.65602189781021, 27.05172413793104], [-61.40967153284671, 26.89655172413793], [-61.40967153284671, 26.48275862068965], [-60.83485401459854, 25.96551724137931], [-60.67062043795621, 26.01724137931035], [-60.793795620437955, 25.86206896551724], [-60.62956204379562, 25.86206896551724], [-60.46532846715329, 25.034482758620683], [-60.301094890510946, 25.13793103448276], [-59.644160583941606, 24.672413793103452], [-59.76733576642336, 25.034482758620683], [-59.1514598540146, 24.827586206896555], [-59.1514598540146, 25.241379310344826], [-58.9051094890511, 25.034482758620683], [-58.28923357664233, 25.13793103448276], [-58.41240875912409, 25.655172413793103], [-57.878649635036496, 25.344827586206897], [-58.083941605839414, 26.58620689655173], [-57.878649635036496, 26.89655172413793], [-57.67335766423358, 26.689655172413794], [-57.46806569343066, 27.0], [-57.55018248175183, 27.56896551724138], [-57.79653284671532, 27.724137931034484], [-57.75547445255475, 27.98275862068966], [-58.083941605839414, 27.620689655172413], [-58.41240875912409, 27.56896551724138], [-59.35675182481752, 27.879310344827587], [-59.27463503649635, 28.189655172413794], [-59.52098540145985, 28.448275862068964], [-59.3978102189781, 27.931034482758626], [-59.89051094890511, 28.03448275862069], [-59.89051094890511, 27.620689655172413], [-60.21897810218979, 27.36206896551724], [-60.506386861313864, 27.465517241379317], [-60.54744525547445, 27.310344827586206], [-60.62956204379562, 27.51724137931035], [-60.83485401459854, 27.36206896551724], [-60.916970802919714, 27.56896551724138], [-61.163321167883204, 27.56896551724138], [-60.958029197080286, 27.465517241379317], [-61.163321167883204, 27.41379310344827], [-60.99908759124087, 27.206896551724135]]]}, "properties": {"id": 114, "altitude_m": 4000.0}},{"type": "Feature", "geometry": {"type": "Polygon", "coordinates": [[[-56.56478102189781, 27.827586206896548], [-56.19525547445256, 27.41379310344827], [-56.0720802919708, 27.672413793103445], [-55.907846715328475, 27.206896551724135], [-55.907846715328475, 27.724137931034484], [-55.74361313868613, 27.620689655172413], [-55.620437956204384, 28.13793103448276], [-55.5793795620438, 27.51724137931035], [-55.415145985401466, 27.672413793103445], [-55.127737226277375, 27.51724137931035], [-55.53832116788321, 27.155172413793103], [-55.45620437956204, 27.41379310344827], [-55.74361313868613, 27.258620689655174], [-55.66149635036497, 26.63793103448276], [-55.784671532846716, 26.43103448275862], [-55.86678832116789, 26.741379310344826], [-55.94890510948906, 26.63793103448276], [-55.45620437956204, 25.96551724137931], [-55.620437956204384, 26.48275862068965], [-55.497262773722625, 26.58620689655173], [-54.96350364963503, 26.06896551724138], [-54.717153284671525, 26.53448275862069], [-54.429744525547434, 26.43103448275862], [-54.38868613138686, 25.86206896551724], [-53.85492700729927, 26.224137931034484], [-53.52645985401459, 25.91379310344827], [-53.23905109489051, 26.327586206896548], [-53.48540145985402, 26.379310344827587], [-53.44434306569343, 26.53448275862069], [-52.95164233576642, 26.379310344827587], [-52.86952554744525, 26.741379310344826], [-53.033759124087595, 27.0], [-52.623175182481745, 26.948275862068968], [-52.910583941605836, 27.155172413793103], [-52.86952554744525, 27.41379310344827], [-53.2801094890511, 27.56896551724138], [-53.23905109489051, 27.827586206896548], [-53.64963503649635, 28.344827586206893], [-54.224452554744516, 28.29310344827586], [-54.30656934306569, 28.086206896551722], [-54.63503649635037, 28.551724137931032], [-55.907846715328475, 28.706896551724135], [-55.98996350364963, 28.344827586206893], [-56.113138686131386, 28.5], [-56.48266423357664, 28.086206896551722], [-56.19525547445256, 27.775862068965516]]]}, "properties": {"id": 115, "altitude_m": 4000.0}},{"type": "Feature", "geometry": {"type": "Polygon", "coordinates": [[[-60.958029197080286, 28.913793103448274], [-61.081204379562045, 28.862068965517242], [-61.20437956204379, 29.01724137931035], [-61.24543795620438, 28.96551724137931], [-61.40967153284671, 29.06896551724138], [-61.573905109489054, 29.06896551724138], [-61.49178832116788, 28.913793103448274], [-61.573905109489054, 28.75862068965517], [-61.53284671532847, 28.60344827586207], [-61.6970802919708, 28.448275862068964], [-61.573905109489054, 28.344827586206893], [-61.6970802919708, 28.29310344827586], [-61.738138686131386, 28.13793103448276], [-61.86131386861314, 28.13793103448276], [-61.90237226277372, 28.241379310344826], [-61.98448905109489, 28.241379310344826], [-62.066605839416056, 28.086206896551722], [-61.98448905109489, 27.98275862068966], [-62.10766423357664, 27.879310344827587], [-62.18978102189781, 27.931034482758626], [-62.14872262773723, 27.879310344827587], [-62.27189781021898, 27.672413793103445], [-62.14872262773723, 27.56896551724138], [-62.066605839416056, 27.724137931034484], [-61.943430656934304, 27.724137931034484], [-61.90237226277372, 27.51724137931035], [-61.82025547445256, 27.51724137931035], [-61.90237226277372, 27.620689655172413], [-61.738138686131386, 27.724137931034484], [-61.450729927007295, 27.56896551724138], [-61.61496350364963, 28.03448275862069], [-61.53284671532847, 28.086206896551722], [-61.40967153284671, 27.98275862068966], [-61.450729927007295, 28.03448275862069], [-61.40967153284671, 28.189655172413794], [-61.28649635036496, 28.241379310344826], [-61.32755474452555, 28.29310344827586], [-61.20437956204379, 28.344827586206893], [-61.24543795620438, 28.448275862068964], [-61.20437956204379, 28.60344827586207], [-61.368613138686136, 28.75862068965517], [-61.24543795620438, 28.913793103448274], [-60.916970802919714, 28.5], [-60.916970802919714, 28.60344827586207], [-61.04014598540146, 28.706896551724135], [-60.916970802919714, 28.75862068965517]]]}, "properties": {"id": 116, "altitude_m": 4000.0}},{"type": "Feature", "geometry": {"type": "Polygon", "coordinates": [[[-115.56569343065694, 32.224137931034484], [-115.77098540145985, 31.706896551724135], [-116.46897810218978, 31.96551724137931], [-117.33120437956204, 30.827586206896555], [-117.61861313868613, 31.5], [-117.98813868613139, 31.396551724137932], [-117.86496350364963, 31.086206896551726], [-118.11131386861314, 30.46551724137931], [-117.82390510948905, 30.25862068965517], [-118.11131386861314, 30.568965517241377], [-117.98813868613139, 30.827586206896555], [-117.41332116788321, 30.20689655172414], [-117.57755474452554, 29.948275862068968], [-117.90602189781022, 30.103448275862068], [-117.74178832116789, 29.689655172413797], [-118.07025547445255, 29.637931034482754], [-117.65967153284672, 29.32758620689655], [-117.90602189781022, 28.913793103448274], [-117.57755474452554, 28.655172413793103], [-117.41332116788321, 27.51724137931035], [-116.83850364963504, 27.56896551724138], [-116.96167883211679, 28.086206896551722], [-116.6742700729927, 28.344827586206893], [-117.4543795620438, 29.32758620689655], [-117.41332116788321, 30.0], [-117.24908759124088, 29.27586206896552], [-117.04379562043796, 30.0], [-116.09945255474453, 29.172413793103445], [-116.18156934306569, 29.74137931034483], [-115.97627737226277, 29.948275862068968], [-115.60675182481752, 29.06896551724138], [-115.11405109489051, 28.75862068965517], [-114.94981751824818, 29.01724137931035], [-115.36040145985402, 29.844827586206893], [-115.23722627737226, 29.637931034482754], [-115.03193430656934, 29.896551724137936], [-114.78558394160584, 29.27586206896552], [-114.74452554744525, 30.568965517241377], [-115.1551094890511, 31.396551724137932], [-115.60675182481752, 31.655172413793103], [-115.27828467153284, 31.810344827586206]]]}, "properties": {"id": 117, "altitude_m": 4000.0}},{"type": "Feature", "geometry": {"type": "Polygon", "coordinates": [[[-92.03923357664235, 31.913793103448274], [-91.99817518248176, 31.862068965517242], [-91.79288321167883, 32.01724137931035], [-91.66970802919708, 31.862068965517242], [-91.50547445255475, 31.758620689655174], [-91.30018248175182, 31.810344827586206], [-91.25912408759123, 31.862068965517242], [-91.21806569343066, 31.810344827586206], [-91.13594890510949, 31.862068965517242], [-91.0948905109489, 31.810344827586206], [-91.13594890510949, 31.758620689655174], [-91.01277372262774, 31.810344827586206], [-91.0948905109489, 31.810344827586206], [-91.13594890510949, 31.862068965517242], [-91.0948905109489, 31.913793103448274], [-90.88959854014598, 31.913793103448274], [-90.8485401459854, 31.96551724137931], [-90.76642335766424, 31.913793103448274], [-90.76642335766424, 32.01724137931035], [-90.8485401459854, 32.06896551724138], [-90.8485401459854, 32.172413793103445], [-90.93065693430657, 32.327586206896555], [-91.05383211678833, 32.327586206896555], [-91.05383211678833, 32.27586206896552], [-91.13594890510949, 32.172413793103445], [-91.25912408759123, 32.12068965517241], [-91.3412408759124, 31.96551724137931], [-91.42335766423358, 32.12068965517241], [-91.3412408759124, 32.172413793103445], [-91.3412408759124, 32.27586206896552], [-91.3412408759124, 32.224137931034484], [-91.42335766423358, 32.172413793103445], [-91.38229927007299, 32.06896551724138], [-91.46441605839416, 31.96551724137931], [-91.50547445255475, 32.06896551724138], [-91.6286496350365, 32.172413793103445], [-91.58759124087592, 32.224137931034484], [-91.50547445255475, 32.224137931034484], [-91.50547445255475, 32.27586206896552], [-91.71076642335765, 32.327586206896555], [-91.6286496350365, 32.12068965517241], [-91.875, 31.96551724137931], [-91.95711678832117, 31.96551724137931], [-91.99817518248176, 32.01724137931035]]]}, "properties": {"id": 118, "altitude_m": 4000.0}},{"type": "Feature", "geometry": {"type": "Polygon", "coordinates": [[[-91.0948905109489, 34.3448275862069], [-91.0948905109489, 34.03448275862069], [-91.13594890510949, 33.98275862068965], [-91.17700729927007, 34.08620689655172], [-91.21806569343066, 33.98275862068965], [-90.93065693430657, 33.98275862068965], [-90.93065693430657, 33.724137931034484], [-91.01277372262774, 33.672413793103445], [-91.01277372262774, 33.46551724137931], [-91.0948905109489, 33.36206896551724], [-90.93065693430657, 33.36206896551724], [-90.80748175182481, 33.20689655172414], [-90.97171532846716, 33.05172413793103], [-90.97171532846716, 33.258620689655174], [-91.17700729927007, 33.258620689655174], [-91.21806569343066, 33.05172413793103], [-91.0948905109489, 33.0], [-91.05383211678833, 33.103448275862064], [-90.43795620437956, 33.103448275862064], [-90.43795620437956, 33.41379310344828], [-90.68430656934306, 33.41379310344828], [-90.80748175182481, 33.258620689655174], [-90.93065693430657, 33.46551724137931], [-90.72536496350365, 33.827586206896555], [-90.68430656934306, 33.724137931034484], [-90.52007299270073, 33.775862068965516], [-90.56113138686132, 33.87931034482759], [-90.60218978102189, 33.724137931034484], [-90.76642335766424, 33.98275862068965], [-90.80748175182481, 33.775862068965516], [-90.88959854014598, 33.724137931034484], [-90.97171532846716, 33.827586206896555], [-90.88959854014598, 33.87931034482759], [-90.88959854014598, 33.98275862068965], [-90.72536496350365, 34.13793103448276], [-90.52007299270073, 33.98275862068965], [-90.60218978102189, 34.03448275862069], [-90.56113138686132, 34.08620689655172], [-90.93065693430657, 34.08620689655172], [-91.01277372262774, 34.189655172413794], [-90.88959854014598, 34.29310344827586], [-90.80748175182481, 34.189655172413794], [-90.80748175182481, 34.29310344827586], [-90.88959854014598, 34.29310344827586], [-90.93065693430657, 34.396551724137936]]]}, "properties": {"id": 119, "altitude_m": 4000.0}},{"type": "Feature", "geometry": {"type": "Polygon", "coordinates": [[[-85.05930656934306, 34.70689655172414], [-85.10036496350365, 34.86206896551724], [-85.2235401459854, 34.86206896551724], [-85.5109489051095, 35.172413793103445], [-85.63412408759123, 35.172413793103445], [-85.75729927007299, 35.01724137931034], [-86.0036496350365, 35.01724137931034], [-86.12682481751824, 34.810344827586206], [-86.45529197080292, 34.91379310344828], [-86.4963503649635, 34.758620689655174], [-86.57846715328466, 34.86206896551724], [-86.53740875912408, 34.91379310344828], [-86.9890510948905, 34.810344827586206], [-86.94799270072993, 34.6551724137931], [-86.7837591240876, 34.6551724137931], [-86.57846715328466, 34.396551724137936], [-86.70164233576642, 34.29310344827586], [-86.90693430656934, 34.29310344827586], [-86.90693430656934, 34.44827586206897], [-87.03010948905109, 34.3448275862069], [-87.15328467153284, 34.396551724137936], [-87.15328467153284, 34.241379310344826], [-87.31751824817519, 34.3448275862069], [-87.19434306569343, 34.189655172413794], [-87.23540145985402, 33.98275862068965], [-87.15328467153284, 33.93103448275862], [-86.90693430656934, 34.13793103448276], [-86.94799270072993, 34.189655172413794], [-86.86587591240877, 34.29310344827586], [-86.70164233576642, 34.29310344827586], [-86.70164233576642, 34.189655172413794], [-86.82481751824818, 34.189655172413794], [-86.70164233576642, 34.08620689655172], [-86.82481751824818, 34.03448275862069], [-86.74270072992701, 33.98275862068965], [-86.74270072992701, 33.827586206896555], [-86.57846715328466, 33.827586206896555], [-86.66058394160584, 33.775862068965516], [-86.4963503649635, 33.51724137931035], [-86.45529197080292, 33.672413793103445], [-86.29105839416059, 33.672413793103445], [-86.29105839416059, 33.98275862068965], [-85.88047445255475, 33.98275862068965], [-85.75729927007299, 34.13793103448276], [-85.79835766423358, 34.44827586206897], [-85.7162408759124, 34.55172413793103], [-85.55200729927007, 34.396551724137936], [-85.26459854014598, 34.396551724137936]]]}, "properties": {"id": 120, "altitude_m": 4000.0}},{"type": "Feature", "geometry": {"type": "Polygon", "coordinates": [[[-102.46806569343066, 35.37931034482759], [-102.67335766423358, 35.58620689655173], [-102.75547445255475, 35.58620689655173], [-102.79653284671534, 35.689655172413794], [-102.8786496350365, 35.58620689655173], [-103.04288321167883, 35.58620689655173], [-103.20711678832117, 35.48275862068965], [-103.28923357664233, 35.22413793103448], [-103.41240875912409, 35.12068965517241], [-103.6587591240876, 35.43103448275862], [-103.86405109489051, 35.53448275862069], [-103.98722627737226, 35.37931034482759], [-104.02828467153284, 35.43103448275862], [-104.27463503649635, 35.12068965517241], [-104.23357664233576, 35.01724137931034], [-104.31569343065694, 34.86206896551724], [-104.1514598540146, 34.6551724137931], [-104.11040145985402, 34.5], [-104.1514598540146, 34.44827586206897], [-104.31569343065694, 34.70689655172414], [-104.31569343065694, 34.55172413793103], [-104.11040145985402, 34.396551724137936], [-104.1514598540146, 34.44827586206897], [-104.06934306569343, 34.55172413793103], [-103.98722627737226, 34.189655172413794], [-103.9051094890511, 34.29310344827586], [-103.78193430656934, 34.241379310344826], [-103.69981751824818, 34.396551724137936], [-103.49452554744525, 34.5], [-103.45346715328466, 34.44827586206897], [-103.33029197080292, 34.5], [-103.3713503649635, 34.6551724137931], [-103.24817518248176, 34.86206896551724], [-103.16605839416059, 34.810344827586206], [-103.20711678832117, 34.91379310344828], [-103.16605839416059, 34.96551724137931], [-103.04288321167883, 34.96551724137931], [-102.5912408759124, 34.6551724137931], [-102.63229927007299, 34.70689655172414], [-102.55018248175182, 34.86206896551724], [-102.55018248175182, 35.01724137931034], [-102.63229927007299, 35.172413793103445], [-102.50912408759125, 35.22413793103448], [-102.55018248175182, 35.327586206896555]]]}, "properties": {"id": 121, "altitude_m": 4000.0}},{"type": "Feature", "geometry": {"type": "Polygon", "coordinates": [[[-87.11222627737226, 40.13793103448276], [-87.07116788321167, 40.08620689655172], [-87.07116788321167, 40.03448275862069], [-86.9890510948905, 39.93103448275862], [-86.94799270072993, 39.93103448275862], [-86.82481751824818, 39.77586206896552], [-86.7837591240876, 39.77586206896552], [-86.74270072992701, 39.724137931034484], [-86.57846715328466, 39.724137931034484], [-86.57846715328466, 39.93103448275862], [-86.61952554744525, 39.93103448275862], [-86.70164233576642, 40.03448275862069], [-86.70164233576642, 40.08620689655172], [-86.66058394160584, 40.13793103448276], [-86.61952554744525, 40.13793103448276], [-86.53740875912408, 40.03448275862069], [-86.4963503649635, 40.03448275862069], [-86.45529197080292, 39.98275862068966], [-86.4963503649635, 39.93103448275862], [-86.37317518248176, 39.93103448275862], [-86.41423357664235, 39.98275862068966], [-86.41423357664235, 40.03448275862069], [-86.4963503649635, 40.13793103448276], [-86.4963503649635, 40.189655172413794], [-86.57846715328466, 40.29310344827586], [-86.61952554744525, 40.29310344827586], [-86.66058394160584, 40.3448275862069], [-86.70164233576642, 40.3448275862069], [-86.7837591240876, 40.189655172413794], [-86.82481751824818, 40.241379310344826], [-86.90693430656934, 40.241379310344826], [-87.03010948905109, 40.13793103448276]]]}, "properties": {"id": 122, "altitude_m": 4000.0}},{"type": "Feature", "geometry": {"type": "Polygon", "coordinates": [[[-44.08302919708029, 40.810344827586206], [-44.08302919708029, 40.758620689655174], [-44.04197080291971, 40.70689655172414], [-44.08302919708029, 40.6551724137931], [-44.08302919708029, 40.55172413793103], [-43.7956204379562, 40.241379310344826], [-43.754562043795616, 40.241379310344826], [-43.63138686131387, 40.08620689655172], [-43.63138686131387, 40.03448275862069], [-43.590328467153284, 40.03448275862069], [-43.5492700729927, 39.98275862068966], [-43.34397810218978, 40.03448275862069], [-43.34397810218978, 40.08620689655172], [-43.302919708029194, 40.13793103448276], [-43.22080291970802, 39.98275862068966], [-43.13868613138686, 39.98275862068966], [-43.097627737226276, 39.93103448275862], [-43.13868613138686, 39.98275862068966], [-43.097627737226276, 40.03448275862069], [-43.05656934306569, 40.03448275862069], [-43.05656934306569, 40.08620689655172], [-43.0155109489051, 40.13793103448276], [-42.974452554744516, 40.13793103448276], [-42.974452554744516, 40.189655172413794], [-42.933394160583944, 40.241379310344826], [-42.933394160583944, 40.29310344827586], [-43.05656934306569, 40.3448275862069], [-43.13868613138686, 40.44827586206897], [-43.13868613138686, 40.55172413793103], [-43.179744525547434, 40.603448275862064], [-43.179744525547434, 40.6551724137931], [-43.22080291970802, 40.603448275862064], [-43.38503649635037, 40.603448275862064], [-43.42609489051094, 40.6551724137931], [-43.38503649635037, 40.70689655172414], [-43.5492700729927, 40.86206896551724], [-43.67244525547446, 40.86206896551724], [-43.71350364963503, 40.91379310344828], [-43.91879562043796, 40.91379310344828], [-43.959854014598534, 40.86206896551724], [-44.04197080291971, 40.86206896551724]]]}, "properties": {"id": 123, "altitude_m": 4000.0}},{"type": "Feature", "geometry": {"type": "Polygon", "coordinates": [[[-78.57208029197079, 44.327586206896555], [-78.90054744525547, 44.172413793103445], [-78.90054744525547, 44.01724137931035], [-79.10583941605839, 43.91379310344827], [-79.02372262773723, 43.706896551724135], [-79.27007299270073, 43.44827586206897], [-78.73631386861314, 43.44827586206897], [-78.98266423357664, 42.672413793103445], [-78.8594890510949, 42.72413793103448], [-78.81843065693431, 42.10344827586207], [-78.65419708029196, 42.0], [-78.65419708029196, 41.741379310344826], [-78.0793795620438, 41.94827586206897], [-77.91514598540147, 42.1551724137931], [-77.87408759124088, 41.896551724137936], [-77.58667883211679, 41.896551724137936], [-77.87408759124088, 41.327586206896555], [-77.7919708029197, 41.06896551724138], [-77.34032846715328, 42.258620689655174], [-77.5456204379562, 41.896551724137936], [-77.87408759124088, 42.10344827586207], [-77.09397810218978, 42.46551724137931], [-77.21715328467153, 42.62068965517241], [-77.09397810218978, 42.72413793103448], [-77.21715328467153, 42.87931034482759], [-77.21715328467153, 43.293103448275865], [-77.05291970802921, 43.44827586206897], [-77.21715328467153, 43.5], [-77.09397810218978, 43.706896551724135], [-77.2992700729927, 43.706896551724135], [-77.09397810218978, 44.06896551724138], [-77.34032846715328, 44.12068965517241], [-77.34032846715328, 43.706896551724135], [-77.62773722627738, 43.603448275862064], [-77.50456204379563, 43.91379310344827], [-77.58667883211679, 43.810344827586206], [-77.70985401459853, 44.01724137931035], [-77.7919708029197, 43.758620689655174], [-78.03832116788321, 43.86206896551724], [-77.91514598540147, 44.172413793103445], [-78.03832116788321, 44.01724137931035], [-78.0793795620438, 44.275862068965516], [-78.48996350364963, 43.810344827586206], [-78.61313868613138, 43.96551724137932]]]}, "properties": {"id": 124, "altitude_m": 4000.0}},{"type": "Feature", "geometry": {"type": "Polygon", "coordinates": [[[-62.60036496350365, 45.41379310344828], [-62.846715328467155, 45.20689655172414], [-62.9698905109489, 45.36206896551724], [-62.7235401459854, 45.62068965517241], [-63.54470802919708, 45.724137931034484], [-63.54470802919708, 45.310344827586206], [-63.29835766423358, 45.258620689655174], [-63.626824817518255, 45.20689655172414], [-63.83211678832117, 44.689655172413794], [-63.29835766423358, 43.86206896551724], [-63.01094890510949, 44.172413793103445], [-63.216240875912405, 43.3448275862069], [-62.92883211678833, 43.3448275862069], [-63.134124087591246, 42.98275862068965], [-63.17518248175183, 43.241379310344826], [-63.54470802919708, 43.293103448275865], [-63.42153284671532, 43.55172413793103], [-63.708941605839414, 43.55172413793103], [-63.873175182481745, 44.172413793103445], [-64.5301094890511, 44.43103448275862], [-64.36587591240875, 44.12068965517241], [-64.65328467153284, 44.06896551724138], [-64.57116788321167, 44.327586206896555], [-64.85857664233576, 44.689655172413794], [-64.85857664233576, 44.172413793103445], [-65.22810218978103, 44.37931034482759], [-65.5155109489051, 44.172413793103445], [-65.26916058394161, 43.91379310344827], [-65.39233576642336, 43.6551724137931], [-65.63868613138686, 43.86206896551724], [-65.72080291970804, 43.6551724137931], [-66.5419708029197, 43.706896551724135], [-66.50091240875912, 43.5], [-65.47445255474452, 42.672413793103445], [-64.85857664233576, 42.827586206896555], [-64.94069343065694, 42.51724137931034], [-64.32481751824817, 42.672413793103445], [-63.873175182481745, 42.1551724137931], [-63.503649635036496, 42.36206896551724], [-63.38047445255475, 42.1551724137931], [-62.92883211678833, 42.56896551724138], [-63.216240875912405, 42.775862068965516], [-62.92883211678833, 43.03448275862069], [-63.01094890510949, 43.810344827586206], [-62.80565693430657, 43.91379310344827], [-63.05200729927007, 44.275862068965516], [-62.64142335766424, 44.89655172413793], [-63.09306569343066, 44.741379310344826], [-63.01094890510949, 44.37931034482759], [-63.29835766423358, 45.0]]]}, "properties": {"id": 125, "altitude_m": 4000.0}},{"type": "Feature", "geometry": {"type": "Polygon", "coordinates": [[[-46.628649635036496, 45.56896551724138], [-46.259124087591246, 45.51724137931034], [-46.21806569343066, 45.41379310344828], [-45.93065693430657, 45.51724137931034], [-45.84854014598541, 45.05172413793103], [-45.72536496350365, 45.05172413793103], [-45.76642335766424, 44.94827586206897], [-45.47901459854015, 45.1551724137931], [-45.314781021897815, 45.10344827586207], [-45.3558394160584, 45.258620689655174], [-45.06843065693431, 45.56896551724138], [-45.027372262773724, 45.258620689655174], [-45.1094890510949, 44.94827586206897], [-45.027372262773724, 45.10344827586207], [-44.945255474452566, 45.05172413793103], [-44.98631386861314, 45.51724137931034], [-44.78102189781022, 44.94827586206897], [-45.1094890510949, 44.79310344827586], [-45.191605839416056, 44.89655172413793], [-45.3558394160584, 44.8448275862069], [-45.3558394160584, 44.94827586206897], [-45.602189781021906, 44.89655172413793], [-45.314781021897815, 44.689655172413794], [-45.150547445255484, 44.689655172413794], [-45.27372262773723, 44.689655172413794], [-45.27372262773723, 44.79310344827586], [-45.1094890510949, 44.79310344827586], [-45.06843065693431, 44.689655172413794], [-44.657846715328475, 45.0], [-44.822080291970806, 45.56896551724138], [-44.945255474452566, 45.51724137931034], [-45.314781021897815, 45.775862068965516], [-45.27372262773723, 45.672413793103445], [-45.3558394160584, 45.56896551724138], [-45.43795620437956, 45.62068965517241], [-45.43795620437956, 45.775862068965516], [-45.93065693430657, 45.56896551724138], [-45.971715328467155, 45.62068965517241], [-45.84854014598541, 45.775862068965516], [-46.05383211678833, 45.724137931034484], [-46.17700729927007, 45.827586206896555], [-46.259124087591246, 45.724137931034484], [-46.54653284671532, 45.724137931034484]]]}, "properties": {"id": 126, "altitude_m": 4000.0}},{"type": "Feature", "geometry": {"type": "Polygon", "coordinates": [[[-78.40784671532847, 45.775862068965516], [-78.48996350364963, 45.775862068965516], [-78.53102189781022, 45.827586206896555], [-78.57208029197079, 45.827586206896555], [-78.65419708029196, 45.724137931034484], [-78.69525547445255, 45.775862068965516], [-78.69525547445255, 45.827586206896555], [-78.98266423357664, 45.41379310344828], [-79.10583941605839, 45.36206896551724], [-79.14689781021897, 45.10344827586207], [-79.22901459854015, 44.94827586206897], [-79.22901459854015, 44.8448275862069], [-79.18795620437956, 44.79310344827586], [-79.18795620437956, 44.741379310344826], [-79.14689781021897, 44.741379310344826], [-79.10583941605839, 44.689655172413794], [-79.02372262773723, 44.689655172413794], [-78.90054744525547, 44.58620689655172], [-78.81843065693431, 44.741379310344826], [-78.73631386861314, 44.741379310344826], [-78.73631386861314, 44.79310344827586], [-78.77737226277372, 44.8448275862069], [-78.77737226277372, 44.94827586206897], [-78.73631386861314, 45.0], [-78.73631386861314, 45.05172413793103], [-78.65419708029196, 45.1551724137931], [-78.61313868613138, 45.1551724137931], [-78.61313868613138, 45.20689655172414], [-78.40784671532847, 45.51724137931034], [-78.40784671532847, 45.62068965517241], [-78.44890510948905, 45.62068965517241], [-78.48996350364963, 45.672413793103445]]]}, "properties": {"id": 127, "altitude_m": 4000.0}},{"type": "Feature", "geometry": {"type": "Polygon", "coordinates": [[[-71.71532846715328, 45.46551724137931], [-71.05839416058394, 45.36206896551724], [-70.81204379562044, 45.10344827586207], [-71.05839416058394, 45.10344827586207], [-71.18156934306569, 44.79310344827586], [-71.18156934306569, 44.94827586206897], [-71.34580291970804, 44.94827586206897], [-71.22262773722628, 45.10344827586207], [-71.4689781021898, 45.05172413793103], [-71.4689781021898, 44.79310344827586], [-69.86770072992701, 44.58620689655172], [-69.86770072992701, 44.43103448275862], [-70.36040145985402, 44.48275862068965], [-70.23722627737226, 44.327586206896555], [-68.63594890510949, 44.53448275862069], [-68.71806569343066, 44.689655172413794], [-69.04653284671532, 44.58620689655172], [-69.29288321167883, 44.94827586206897], [-68.38959854014598, 44.741379310344826], [-68.55383211678833, 44.58620689655172], [-68.26642335766424, 44.53448275862069], [-67.85583941605839, 45.1551724137931], [-67.89689781021897, 45.310344827586206], [-68.02007299270073, 45.05172413793103], [-68.14324817518248, 45.258620689655174], [-68.30748175182481, 45.20689655172414], [-68.96441605839416, 45.87931034482759], [-69.08759124087591, 45.672413793103445], [-69.78558394160584, 45.93103448275862], [-69.94981751824817, 45.672413793103445], [-70.23722627737226, 45.775862068965516], [-70.36040145985402, 45.41379310344828], [-70.52463503649635, 45.56896551724138], [-70.31934306569343, 45.775862068965516], [-71.01733576642336, 45.41379310344828]]]}, "properties": {"id": 128, "altitude_m": 4000.0}},{"type": "Feature", "geometry": {"type": "Polygon", "coordinates": [[[-82.63686131386862, 46.03448275862069], [-82.67791970802921, 46.03448275862069], [-82.80109489051095, 45.87931034482759], [-82.84215328467153, 45.98275862068965], [-82.9242700729927, 45.98275862068965], [-83.00638686131387, 45.827586206896555], [-82.96532846715328, 45.775862068965516], [-83.00638686131387, 45.724137931034484], [-83.1706204379562, 45.827586206896555], [-83.12956204379563, 45.775862068965516], [-83.21167883211679, 45.724137931034484], [-83.1706204379562, 45.51724137931034], [-83.37591240875912, 45.36206896551724], [-83.37591240875912, 45.258620689655174], [-83.4169708029197, 45.20689655172414], [-83.49908759124088, 45.20689655172414], [-83.54014598540147, 45.1551724137931], [-83.4580291970803, 44.79310344827586], [-83.49908759124088, 44.89655172413793], [-83.4169708029197, 44.94827586206897], [-83.49908759124088, 45.1551724137931], [-83.4580291970803, 45.20689655172414], [-83.4169708029197, 45.20689655172414], [-83.33485401459853, 45.05172413793103], [-83.21167883211679, 45.1551724137931], [-83.21167883211679, 45.258620689655174], [-83.1706204379562, 45.310344827586206], [-83.08850364963504, 45.310344827586206], [-83.12956204379563, 45.36206896551724], [-83.04744525547446, 45.51724137931034], [-83.00638686131387, 45.41379310344828], [-82.9242700729927, 45.56896551724138], [-82.84215328467153, 45.51724137931034], [-82.80109489051095, 45.41379310344828], [-82.76003649635037, 45.46551724137931], [-82.71897810218978, 45.41379310344828], [-82.63686131386862, 45.46551724137931], [-82.63686131386862, 45.51724137931034], [-82.71897810218978, 45.56896551724138], [-82.71897810218978, 45.62068965517241], [-82.59580291970804, 45.724137931034484], [-82.63686131386862, 45.827586206896555]]]}, "properties": {"id": 129, "altitude_m": 4000.0}},{"type": "Feature", "geometry": {"type": "Polygon", "coordinates": [[[-93.55839416058394, 46.70689655172414], [-93.68156934306569, 46.6551724137931], [-93.84580291970804, 46.810344827586206], [-93.88686131386862, 46.758620689655174], [-93.9279197080292, 46.810344827586206], [-93.9279197080292, 46.86206896551724], [-94.01003649635037, 46.758620689655174], [-94.05109489051095, 46.758620689655174], [-94.09215328467153, 46.70689655172414], [-94.09215328467153, 46.6551724137931], [-94.05109489051095, 46.60344827586207], [-94.01003649635037, 46.6551724137931], [-94.05109489051095, 46.70689655172414], [-93.96897810218978, 46.810344827586206], [-93.9279197080292, 46.758620689655174], [-93.9279197080292, 46.60344827586207], [-94.01003649635037, 46.5], [-94.05109489051095, 46.5], [-94.13321167883211, 46.39655172413793], [-94.1742700729927, 46.39655172413793], [-94.09215328467153, 46.241379310344826], [-93.96897810218978, 46.241379310344826], [-93.9279197080292, 46.189655172413794], [-93.96897810218978, 46.13793103448276], [-94.05109489051095, 46.13793103448276], [-94.01003649635037, 46.08620689655172], [-93.80474452554745, 46.13793103448276], [-93.80474452554745, 46.189655172413794], [-93.84580291970804, 46.189655172413794], [-93.88686131386862, 46.241379310344826], [-93.84580291970804, 46.29310344827586], [-93.76368613138686, 46.29310344827586], [-93.72262773722628, 46.241379310344826], [-93.72262773722628, 46.189655172413794], [-93.6405109489051, 46.189655172413794], [-93.59945255474453, 46.241379310344826], [-93.59945255474453, 46.3448275862069], [-93.6405109489051, 46.39655172413793], [-93.6405109489051, 46.5], [-93.59945255474453, 46.55172413793103], [-93.6405109489051, 46.5], [-93.68156934306569, 46.55172413793103], [-93.68156934306569, 46.60344827586207], [-93.59945255474453, 46.70689655172414], [-93.55839416058394, 46.6551724137931]]]}, "properties": {"id": 130, "altitude_m": 4000.0}},{"type": "Feature", "geometry": {"type": "Polygon", "coordinates": [[[-34.27007299270073, 46.91379310344828], [-34.557481751824824, 47.01724137931035], [-34.59854014598541, 47.06896551724138], [-34.557481751824824, 47.12068965517241], [-34.59854014598541, 47.12068965517241], [-34.59854014598541, 47.01724137931035], [-34.434306569343065, 46.86206896551724], [-34.47536496350365, 46.6551724137931], [-34.39324817518248, 46.60344827586207], [-34.47536496350365, 46.5], [-34.51642335766424, 46.55172413793103], [-34.59854014598541, 46.44827586206897], [-34.557481751824824, 46.3448275862069], [-34.721715328467155, 46.241379310344826], [-34.80383211678833, 46.39655172413793], [-34.8448905109489, 46.70689655172414], [-34.8448905109489, 46.5], [-34.80383211678833, 46.44827586206897], [-34.8448905109489, 46.3448275862069], [-34.88594890510949, 46.39655172413793], [-34.8448905109489, 46.241379310344826], [-35.091240875912405, 46.08620689655172], [-35.17335766423358, 45.827586206896555], [-35.13229927007299, 45.724137931034484], [-35.214416058394164, 45.51724137931034], [-34.88594890510949, 45.62068965517241], [-34.8448905109489, 45.724137931034484], [-34.76277372262774, 45.672413793103445], [-34.59854014598541, 45.93103448275862], [-34.557481751824824, 46.08620689655172], [-34.59854014598541, 46.189655172413794], [-34.47536496350365, 46.241379310344826], [-34.51642335766424, 46.3448275862069], [-34.434306569343065, 46.39655172413793], [-34.39324817518248, 46.29310344827586], [-34.352189781021906, 46.29310344827586], [-34.31113138686132, 46.39655172413793], [-34.27007299270073, 46.3448275862069], [-34.22901459854015, 46.5], [-34.18795620437956, 46.44827586206897], [-34.18795620437956, 46.55172413793103], [-34.27007299270073, 46.6551724137931], [-34.22901459854015, 46.758620689655174]]]}, "properties": {"id": 131, "altitude_m": 4000.0}},{"type": "Feature", "geometry": {"type": "Polygon", "coordinates": [[[-63.09306569343066, 46.810344827586206], [-62.64142335766424, 46.60344827586207], [-62.80565693430657, 46.44827586206897], [-62.7235401459854, 46.13793103448276], [-62.51824817518248, 46.3448275862069], [-62.35401459854015, 46.189655172413794], [-62.02554744525548, 46.3448275862069], [-62.02554744525548, 45.87931034482759], [-61.82025547445256, 45.93103448275862], [-62.066605839416056, 45.56896551724138], [-61.90237226277372, 45.46551724137931], [-61.90237226277372, 45.10344827586207], [-61.28649635036496, 45.310344827586206], [-60.916970802919714, 44.63793103448276], [-60.58850364963504, 44.53448275862069], [-60.301094890510946, 44.741379310344826], [-60.424270072992705, 45.20689655172414], [-60.958029197080286, 45.10344827586207], [-60.793795620437955, 45.51724137931034], [-61.04014598540146, 45.56896551724138], [-61.081204379562045, 45.310344827586206], [-61.40967153284671, 45.724137931034484], [-61.12226277372263, 45.724137931034484], [-61.20437956204379, 45.93103448275862], [-61.61496350364963, 45.98275862068965], [-61.40967153284671, 46.189655172413794], [-60.958029197080286, 46.189655172413794], [-60.75273722627737, 46.55172413793103], [-61.163321167883204, 46.758620689655174], [-61.163321167883204, 46.5], [-61.53284671532847, 46.758620689655174], [-61.77919708029197, 46.39655172413793], [-62.51824817518248, 46.55172413793103], [-61.98448905109489, 46.86206896551724], [-61.98448905109489, 46.70689655172414], [-61.40967153284671, 47.37931034482759], [-61.24543795620438, 47.224137931034484], [-61.163321167883204, 47.37931034482759], [-62.64142335766424, 47.172413793103445]]]}, "properties": {"id": 132, "altitude_m": 4000.0}},{"type": "Feature", "geometry": {"type": "Polygon", "coordinates": [[[-55.33302919708029, 47.896551724137936], [-55.209854014598534, 47.689655172413794], [-55.08667883211679, 47.689655172413794], [-55.0456204379562, 47.8448275862069], [-55.004562043795616, 47.8448275862069], [-54.96350364963503, 47.741379310344826], [-54.88138686131387, 47.8448275862069], [-54.75821167883211, 47.8448275862069], [-54.717153284671525, 47.793103448275865], [-54.92244525547446, 47.327586206896555], [-54.75821167883211, 47.172413793103445], [-54.67609489051094, 47.327586206896555], [-54.347627737226276, 47.327586206896555], [-53.97810218978101, 47.53448275862069], [-53.97810218978101, 47.58620689655172], [-54.060218978102185, 47.63793103448276], [-54.0191605839416, 47.689655172413794], [-54.060218978102185, 47.741379310344826], [-54.14233576642336, 47.689655172413794], [-54.183394160583944, 47.793103448275865], [-54.0191605839416, 47.94827586206897], [-53.89598540145985, 47.94827586206897], [-53.89598540145985, 48.103448275862064], [-53.85492700729927, 48.1551724137931], [-54.224452554744516, 48.36206896551724], [-54.429744525547434, 48.310344827586206], [-54.51186131386861, 48.206896551724135], [-54.63503649635037, 48.206896551724135], [-54.67609489051094, 48.258620689655174], [-54.63503649635037, 48.310344827586206], [-54.67609489051094, 48.258620689655174], [-54.717153284671525, 48.36206896551724], [-54.96350364963503, 48.36206896551724], [-55.004562043795616, 48.258620689655174], [-55.0456204379562, 48.310344827586206], [-54.96350364963503, 48.1551724137931]]]}, "properties": {"id": 133, "altitude_m": 4000.0}},{"type": "Feature", "geometry": {"type": "Polygon", "coordinates": [[[-52.82846715328468, 48.36206896551724], [-52.82846715328468, 48.310344827586206], [-52.78740875912409, 48.310344827586206], [-52.746350364963504, 48.258620689655174], [-52.70529197080292, 48.258620689655174], [-52.58211678832117, 48.1551724137931], [-52.541058394160586, 48.1551724137931], [-52.5, 48.206896551724135], [-52.21259124087591, 48.206896551724135], [-52.13047445255475, 48.310344827586206], [-52.089416058394164, 48.310344827586206], [-52.04835766423358, 48.36206896551724], [-51.966240875912405, 48.258620689655174], [-52.00729927007299, 48.310344827586206], [-52.00729927007299, 48.36206896551724], [-52.089416058394164, 48.46551724137931], [-52.04835766423358, 48.51724137931035], [-52.089416058394164, 48.51724137931035], [-52.13047445255475, 48.56896551724138], [-52.13047445255475, 48.62068965517241], [-52.17153284671532, 48.62068965517241], [-52.21259124087591, 48.672413793103445], [-52.253649635036496, 48.672413793103445], [-52.29470802919708, 48.62068965517241], [-52.33576642335767, 48.62068965517241], [-52.376824817518255, 48.672413793103445], [-52.458941605839414, 48.672413793103445], [-52.5, 48.62068965517241], [-52.70529197080292, 48.62068965517241], [-52.70529197080292, 48.56896551724138], [-52.78740875912409, 48.46551724137931], [-52.78740875912409, 48.41379310344828]]]}, "properties": {"id": 134, "altitude_m": 4000.0}},{"type": "Feature", "geometry": {"type": "Polygon", "coordinates": [[[-111.45985401459853, 48.827586206896555], [-111.5830291970803, 48.827586206896555], [-111.45985401459853, 48.672413793103445], [-111.66514598540147, 48.310344827586206], [-111.91149635036496, 48.56896551724138], [-111.99361313868613, 48.56896551724138], [-112.03467153284672, 48.36206896551724], [-112.15784671532847, 48.51724137931035], [-112.23996350364963, 48.36206896551724], [-112.15784671532847, 48.46551724137931], [-112.0757299270073, 48.41379310344828], [-112.15784671532847, 48.206896551724135], [-111.99361313868613, 48.310344827586206], [-111.91149635036496, 48.103448275862064], [-112.03467153284672, 48.05172413793103], [-111.99361313868613, 48.0], [-112.11678832116789, 47.741379310344826], [-112.19890510948905, 47.793103448275865], [-112.15784671532847, 47.94827586206897], [-112.3220802919708, 48.0], [-112.23996350364963, 48.1551724137931], [-112.44525547445255, 48.0], [-112.44525547445255, 47.8448275862069], [-112.28102189781022, 47.689655172413794], [-112.3220802919708, 47.43103448275862], [-112.6094890510949, 47.275862068965516], [-112.52737226277372, 47.01724137931035], [-112.48631386861314, 47.06896551724138], [-112.36313868613139, 46.86206896551724], [-112.15784671532847, 46.758620689655174], [-112.19890510948905, 46.6551724137931], [-111.70620437956204, 46.3448275862069], [-111.62408759124088, 46.44827586206897], [-111.41879562043796, 46.44827586206897], [-111.17244525547446, 46.70689655172414], [-111.21350364963504, 46.86206896551724], [-110.92609489051095, 47.12068965517241], [-110.84397810218978, 47.48275862068965], [-110.88503649635037, 47.741379310344826], [-110.8029197080292, 48.0], [-110.88503649635037, 48.0], [-110.96715328467153, 48.206896551724135], [-110.88503649635037, 48.36206896551724], [-111.17244525547446, 48.724137931034484], [-111.21350364963504, 48.62068965517241], [-111.25456204379562, 48.724137931034484], [-111.37773722627738, 48.62068965517241]]]}, "properties": {"id": 135, "altitude_m": 4000.0}},{"type": "Feature", "geometry": {"type": "Polygon", "coordinates": [[[-86.53740875912408, 47.793103448275865], [-86.66058394160584, 47.53448275862069], [-86.82481751824818, 47.53448275862069], [-86.74270072992701, 47.63793103448276], [-86.82481751824818, 47.689655172413794], [-86.66058394160584, 47.741379310344826], [-86.7837591240876, 47.8448275862069], [-86.86587591240877, 48.46551724137931], [-87.35857664233576, 48.93103448275862], [-87.35857664233576, 48.672413793103445], [-87.2764598540146, 48.775862068965516], [-87.19434306569343, 48.62068965517241], [-87.48175182481751, 48.36206896551724], [-86.9890510948905, 48.258620689655174], [-87.03010948905109, 48.05172413793103], [-87.23540145985402, 48.103448275862064], [-87.15328467153284, 47.896551724137936], [-87.5228102189781, 48.206896551724135], [-87.39963503649635, 47.8448275862069], [-87.76916058394161, 47.53448275862069], [-87.89233576642336, 47.741379310344826], [-87.76916058394161, 47.8448275862069], [-87.64598540145985, 47.741379310344826], [-87.60492700729927, 47.94827586206897], [-87.85127737226277, 48.0], [-87.97445255474453, 48.206896551724135], [-88.26186131386862, 48.103448275862064], [-88.3029197080292, 48.36206896551724], [-88.5492700729927, 48.46551724137931], [-88.5492700729927, 48.258620689655174], [-88.71350364963504, 48.206896551724135], [-88.83667883211679, 47.741379310344826], [-88.71350364963504, 47.689655172413794], [-88.75456204379563, 47.37931034482759], [-88.5492700729927, 47.172413793103445], [-88.42609489051095, 47.43103448275862], [-88.50821167883211, 47.793103448275865], [-88.38503649635037, 47.94827586206897], [-88.0155109489051, 47.793103448275865], [-88.09762773722628, 47.53448275862069], [-88.0155109489051, 47.43103448275862], [-87.56386861313868, 47.53448275862069], [-87.44069343065694, 47.741379310344826], [-87.11222627737226, 47.8448275862069], [-87.11222627737226, 47.58620689655172], [-87.07116788321167, 47.689655172413794], [-86.82481751824818, 47.327586206896555], [-86.61952554744525, 47.37931034482759]]]}, "properties": {"id": 136, "altitude_m": 4000.0}},{"type": "Feature", "geometry": {"type": "Polygon", "coordinates": [[[-80.25547445255475, 49.810344827586206], [-81.11770072992701, 49.55172413793103], [-80.8713503649635, 49.396551724137936], [-81.1587591240876, 49.13793103448276], [-80.78923357664235, 49.55172413793103], [-80.78923357664235, 49.08620689655172], [-81.1587591240876, 48.62068965517241], [-81.61040145985402, 48.672413793103445], [-82.02098540145985, 48.36206896551724], [-82.22627737226277, 48.98275862068965], [-81.61040145985402, 49.5], [-81.3640510948905, 49.396551724137936], [-81.24087591240877, 49.86206896551724], [-81.3640510948905, 49.55172413793103], [-81.48722627737226, 49.86206896551724], [-81.73357664233576, 49.603448275862064], [-82.30839416058394, 49.6551724137931], [-82.43156934306569, 48.93103448275862], [-83.00638686131387, 49.08620689655172], [-83.08850364963504, 48.775862068965516], [-83.58120437956205, 48.87931034482759], [-84.07390510948905, 48.36206896551724], [-83.90967153284672, 47.53448275862069], [-84.56660583941606, 47.37931034482759], [-84.44343065693431, 47.224137931034484], [-84.77189781021897, 47.01724137931035], [-84.32025547445255, 46.86206896551724], [-84.32025547445255, 47.37931034482759], [-84.19708029197079, 47.12068965517241], [-83.66332116788321, 47.06896551724138], [-83.25273722627738, 47.48275862068965], [-83.1706204379562, 47.275862068965516], [-83.82755474452554, 46.758620689655174], [-83.58120437956205, 46.241379310344826], [-82.63686131386862, 46.241379310344826], [-82.06204379562044, 46.86206896551724], [-81.77463503649635, 46.86206896551724], [-81.73357664233576, 47.37931034482759], [-80.91240875912408, 48.1551724137931], [-80.83029197080292, 49.03448275862069]]]}, "properties": {"id": 137, "altitude_m": 4000.0}},{"type": "Feature", "geometry": {"type": "Polygon", "coordinates": [[[-87.56386861313868, 49.91379310344828], [-87.64598540145985, 49.55172413793103], [-87.5228102189781, 49.396551724137936], [-87.48175182481751, 49.13793103448276], [-87.44069343065694, 49.08620689655172], [-87.35857664233576, 49.13793103448276], [-87.31751824817519, 49.03448275862069], [-87.03010948905109, 48.98275862068965], [-86.9890510948905, 48.93103448275862], [-87.03010948905109, 48.87931034482759], [-86.9890510948905, 48.93103448275862], [-86.90693430656934, 48.827586206896555], [-86.94799270072993, 48.775862068965516], [-86.90693430656934, 48.62068965517241], [-86.86587591240877, 48.672413793103445], [-86.7837591240876, 48.62068965517241], [-86.86587591240877, 48.672413793103445], [-86.7837591240876, 48.827586206896555], [-86.66058394160584, 48.56896551724138], [-86.70164233576642, 48.46551724137931], [-86.74270072992701, 48.51724137931035], [-86.74270072992701, 48.36206896551724], [-86.53740875912408, 48.206896551724135], [-86.45529197080292, 48.206896551724135], [-86.37317518248176, 48.103448275862064], [-86.41423357664235, 48.0], [-86.37317518248176, 48.103448275862064], [-86.61952554744525, 48.46551724137931], [-86.57846715328466, 48.51724137931035], [-86.57846715328466, 48.672413793103445], [-86.7837591240876, 48.98275862068965], [-86.74270072992701, 49.08620689655172], [-86.7837591240876, 49.241379310344826], [-86.70164233576642, 49.55172413793103], [-86.82481751824818, 49.706896551724135], [-86.94799270072993, 49.6551724137931], [-87.03010948905109, 49.758620689655174], [-87.11222627737226, 49.758620689655174], [-87.23540145985402, 49.96551724137931]]]}, "properties": {"id": 138, "altitude_m": 4000.0}},{"type": "Feature", "geometry": {"type": "Polygon", "coordinates": [[[-89.0419708029197, 50.224137931034484], [-89.0419708029197, 50.01724137931035], [-89.12408759124088, 49.91379310344828], [-89.12408759124088, 49.810344827586206], [-89.16514598540147, 49.758620689655174], [-89.0830291970803, 49.3448275862069], [-89.0419708029197, 49.293103448275865], [-88.95985401459853, 49.44827586206897], [-88.91879562043795, 49.3448275862069], [-88.87773722627738, 49.44827586206897], [-88.83667883211679, 49.396551724137936], [-88.83667883211679, 49.189655172413794], [-88.87773722627738, 49.13793103448276], [-88.95985401459853, 49.189655172413794], [-88.95985401459853, 49.13793103448276], [-88.75456204379563, 49.08620689655172], [-88.67244525547446, 48.98275862068965], [-88.67244525547446, 48.827586206896555], [-88.63138686131387, 48.93103448275862], [-88.5492700729927, 48.93103448275862], [-88.46715328467153, 48.827586206896555], [-88.42609489051095, 48.87931034482759], [-88.46715328467153, 48.93103448275862], [-88.50821167883211, 48.87931034482759], [-88.5492700729927, 48.98275862068965], [-88.46715328467153, 49.08620689655172], [-88.38503649635037, 48.98275862068965], [-88.42609489051095, 49.08620689655172], [-88.50821167883211, 49.13793103448276], [-88.50821167883211, 49.293103448275865], [-88.50821167883211, 49.13793103448276], [-88.5492700729927, 49.08620689655172], [-88.59032846715328, 49.13793103448276], [-88.59032846715328, 49.396551724137936], [-88.67244525547446, 49.44827586206897], [-88.63138686131387, 49.5], [-88.67244525547446, 49.55172413793103], [-88.50821167883211, 49.706896551724135], [-88.5492700729927, 49.758620689655174], [-88.5492700729927, 49.86206896551724], [-88.50821167883211, 49.91379310344828], [-88.5492700729927, 49.96551724137931], [-88.50821167883211, 50.01724137931035], [-88.5492700729927, 50.172413793103445], [-88.59032846715328, 50.172413793103445], [-88.67244525547446, 50.327586206896555], [-88.75456204379563, 50.275862068965516], [-88.7956204379562, 50.327586206896555], [-88.91879562043795, 50.224137931034484]]]}, "properties": {"id": 139, "altitude_m": 4000.0}},{"type": "Feature", "geometry": {"type": "Polygon", "coordinates": [[[-77.95620437956205, 51.98275862068966], [-78.0793795620438, 51.98275862068966], [-78.12043795620437, 51.93103448275862], [-78.0793795620438, 51.87931034482759], [-78.16149635036496, 51.775862068965516], [-78.20255474452554, 51.775862068965516], [-78.24361313868613, 51.827586206896555], [-78.24361313868613, 51.87931034482759], [-78.20255474452554, 51.93103448275862], [-78.28467153284672, 51.93103448275862], [-78.3257299270073, 51.98275862068966], [-78.36678832116789, 51.98275862068966], [-78.3257299270073, 51.93103448275862], [-78.36678832116789, 51.87931034482759], [-78.44890510948905, 51.87931034482759], [-78.57208029197079, 51.724137931034484], [-78.57208029197079, 51.672413793103445], [-78.61313868613138, 51.62068965517241], [-78.61313868613138, 51.51724137931035], [-78.48996350364963, 51.51724137931035], [-78.36678832116789, 51.41379310344828], [-78.40784671532847, 51.36206896551724], [-78.44890510948905, 51.36206896551724], [-78.40784671532847, 51.310344827586206], [-78.48996350364963, 51.20689655172414], [-78.48996350364963, 51.05172413793103], [-78.53102189781022, 51.0], [-78.53102189781022, 50.94827586206897], [-78.48996350364963, 50.94827586206897], [-78.28467153284672, 51.20689655172414], [-78.0793795620438, 51.258620689655174], [-78.12043795620437, 51.310344827586206], [-78.0793795620438, 51.36206896551724], [-77.99726277372262, 51.36206896551724], [-77.99726277372262, 51.56896551724138], [-77.95620437956205, 51.62068965517241], [-77.95620437956205, 51.827586206896555], [-77.99726277372262, 51.87931034482759], [-77.95620437956205, 51.93103448275862]]]}, "properties": {"id": 140, "altitude_m": 4000.0}},{"type": "Feature", "geometry": {"type": "Polygon", "coordinates": [[[-71.42791970802921, 52.29310344827586], [-71.4689781021898, 52.3448275862069], [-71.55109489051094, 52.189655172413794], [-71.63321167883211, 52.29310344827586], [-71.92062043795622, 52.241379310344826], [-71.9616788321168, 52.29310344827586], [-71.75638686131387, 52.5], [-71.87956204379563, 52.39655172413793], [-72.00273722627736, 52.55172413793103], [-72.04379562043795, 52.3448275862069], [-72.24908759124088, 52.241379310344826], [-72.29014598540147, 52.29310344827586], [-72.33120437956205, 52.189655172413794], [-72.37226277372264, 52.3448275862069], [-72.49543795620437, 52.3448275862069], [-72.78284671532847, 52.08620689655172], [-72.82390510948906, 52.13793103448276], [-72.74178832116789, 52.241379310344826], [-72.86496350364963, 52.29310344827586], [-72.9060218978102, 52.189655172413794], [-72.98813868613138, 52.29310344827586], [-73.02919708029196, 52.08620689655172], [-73.15237226277372, 52.13793103448276], [-73.19343065693431, 51.827586206896555], [-73.11131386861314, 51.724137931034484], [-73.39872262773723, 51.56896551724138], [-73.27554744525548, 51.56896551724138], [-73.2344890510949, 51.46551724137931], [-73.31660583941606, 51.41379310344828], [-73.19343065693431, 51.36206896551724], [-72.82390510948906, 51.41379310344828], [-72.82390510948906, 51.258620689655174], [-72.78284671532847, 51.41379310344828], [-72.53649635036496, 51.672413793103445], [-72.12591240875912, 51.827586206896555], [-72.12591240875912, 51.93103448275862], [-72.29014598540147, 51.93103448275862], [-72.12591240875912, 52.29310344827586], [-71.87956204379563, 52.189655172413794], [-71.92062043795622, 52.08620689655172], [-71.83850364963504, 51.775862068965516], [-71.6742700729927, 51.827586206896555], [-71.71532846715328, 52.03448275862069], [-71.63321167883211, 52.13793103448276], [-71.59215328467153, 52.03448275862069], [-71.4689781021898, 52.03448275862069]]]}, "properties": {"id": 141, "altitude_m": 4000.0}},{"type": "Feature", "geometry": {"type": "Polygon", "coordinates": [[[-36.73357664233576, 53.12068965517241], [-36.97992700729927, 52.758620689655174], [-37.10310218978101, 52.86206896551724], [-37.06204379562044, 52.96551724137931], [-37.22627737226277, 52.70689655172414], [-37.308394160583944, 52.241379310344826], [-37.1441605839416, 52.44827586206897], [-36.97992700729927, 52.44827586206897], [-37.1441605839416, 52.13793103448276], [-37.06204379562044, 52.08620689655172], [-37.1441605839416, 51.93103448275862], [-37.308394160583944, 52.13793103448276], [-37.308394160583944, 51.98275862068966], [-37.43156934306569, 52.241379310344826], [-37.51368613138686, 52.189655172413794], [-37.472627737226276, 52.08620689655172], [-37.71897810218978, 52.13793103448276], [-37.59580291970802, 51.87931034482759], [-37.43156934306569, 51.827586206896555], [-37.43156934306569, 51.93103448275862], [-37.26733576642336, 51.93103448275862], [-37.185218978102185, 51.46551724137931], [-37.43156934306569, 51.310344827586206], [-37.63686131386861, 51.51724137931035], [-37.76003649635037, 51.46551724137931], [-37.88321167883211, 51.56896551724138], [-37.965328467153284, 51.41379310344828], [-37.76003649635037, 51.46551724137931], [-37.76003649635037, 51.258620689655174], [-37.472627737226276, 50.79310344827586], [-37.308394160583944, 50.89655172413793], [-37.554744525547434, 51.258620689655174], [-37.472627737226276, 51.36206896551724], [-37.349452554744516, 51.20689655172414], [-37.06204379562044, 51.258620689655174], [-37.10310218978101, 51.36206896551724], [-36.97992700729927, 51.51724137931035], [-37.06204379562044, 51.672413793103445], [-36.85675182481752, 51.827586206896555], [-36.77463503649635, 51.775862068965516], [-36.77463503649635, 51.87931034482759], [-36.61040145985402, 51.98275862068966], [-36.65145985401459, 52.13793103448276], [-36.36405109489051, 52.29310344827586], [-36.44616788321167, 52.44827586206897], [-36.77463503649635, 52.29310344827586], [-36.77463503649635, 52.44827586206897], [-36.93886861313868, 52.5], [-36.897810218978094, 52.96551724137931], [-36.73357664233576, 52.96551724137931]]]}, "properties": {"id": 142, "altitude_m": 4000.0}},{"type": "Feature", "geometry": {"type": "Polygon", "coordinates": [[[-35.95346715328468, 53.327586206896555], [-36.07664233576642, 53.12068965517241], [-36.11770072992701, 53.172413793103445], [-36.19981751824817, 53.12068965517241], [-36.158759124087595, 53.06896551724138], [-36.19981751824817, 52.96551724137931], [-36.11770072992701, 52.86206896551724], [-36.158759124087595, 52.810344827586206], [-36.11770072992701, 52.70689655172414], [-36.19981751824817, 52.60344827586207], [-36.158759124087595, 52.5], [-36.28193430656934, 52.3448275862069], [-36.19981751824817, 52.29310344827586], [-36.240875912408754, 52.189655172413794], [-36.19981751824817, 52.03448275862069], [-36.36405109489051, 51.87931034482759], [-36.44616788321167, 51.93103448275862], [-36.56934306569343, 51.87931034482759], [-36.528284671532845, 51.62068965517241], [-36.61040145985402, 51.51724137931035], [-36.692518248175176, 51.724137931034484], [-36.85675182481752, 51.51724137931035], [-36.815693430656935, 51.41379310344828], [-36.97992700729927, 51.258620689655174], [-36.93886861313868, 51.20689655172414], [-36.77463503649635, 51.258620689655174], [-36.73357664233576, 51.51724137931035], [-36.692518248175176, 51.46551724137931], [-36.528284671532845, 51.51724137931035], [-36.44616788321167, 51.827586206896555], [-36.19981751824817, 51.775862068965516], [-36.28193430656934, 51.87931034482759], [-36.158759124087595, 52.08620689655172], [-36.240875912408754, 52.189655172413794], [-36.158759124087595, 52.241379310344826], [-36.19981751824817, 52.3448275862069], [-36.158759124087595, 52.39655172413793], [-35.95346715328468, 52.3448275862069], [-35.83029197080292, 52.5], [-35.625, 52.5], [-35.666058394160586, 52.55172413793103], [-35.625, 52.60344827586207], [-35.54288321167883, 52.55172413793103], [-35.70711678832117, 52.60344827586207], [-35.78923357664233, 52.5], [-35.91240875912409, 52.60344827586207], [-35.871350364963504, 52.70689655172414], [-35.78923357664233, 52.70689655172414], [-35.748175182481745, 52.86206896551724], [-35.83029197080292, 52.91379310344828], [-35.748175182481745, 53.01724137931035], [-35.95346715328468, 53.12068965517241], [-35.871350364963504, 53.224137931034484]]]}, "properties": {"id": 143, "altitude_m": 4000.0}},{"type": "Feature", "geometry": {"type": "Polygon", "coordinates": [[[-87.19434306569343, 54.62068965517241], [-87.48175182481751, 54.62068965517241], [-87.5228102189781, 54.56896551724138], [-87.5228102189781, 54.46551724137931], [-87.56386861313868, 54.41379310344828], [-87.60492700729927, 54.41379310344828], [-87.64598540145985, 54.36206896551724], [-87.68704379562044, 54.36206896551724], [-87.68704379562044, 54.206896551724135], [-87.64598540145985, 54.1551724137931], [-87.64598540145985, 54.0], [-87.60492700729927, 53.94827586206897], [-87.56386861313868, 53.94827586206897], [-87.5228102189781, 53.89655172413793], [-87.5228102189781, 53.8448275862069], [-87.48175182481751, 53.89655172413793], [-87.44069343065694, 53.89655172413793], [-87.44069343065694, 53.94827586206897], [-87.39963503649635, 54.0], [-87.35857664233576, 53.94827586206897], [-87.31751824817519, 53.94827586206897], [-87.19434306569343, 54.10344827586207], [-87.15328467153284, 54.10344827586207], [-87.15328467153284, 54.1551724137931], [-87.11222627737226, 54.206896551724135], [-87.11222627737226, 54.46551724137931], [-87.15328467153284, 54.51724137931034], [-87.15328467153284, 54.56896551724138]]]}, "properties": {"id": 144, "altitude_m": 4000.0}},{"type": "Feature", "geometry": {"type": "Polygon", "coordinates": [[[-76.84762773722628, 54.827586206896555], [-77.38138686131387, 54.87931034482759], [-78.16149635036496, 53.89655172413793], [-78.36678832116789, 53.94827586206897], [-78.36678832116789, 54.56896551724138], [-79.18795620437956, 54.206896551724135], [-79.80383211678833, 53.172413793103445], [-79.5985401459854, 53.172413793103445], [-79.47536496350365, 53.53448275862069], [-79.18795620437956, 53.327586206896555], [-79.8859489051095, 52.758620689655174], [-79.96806569343066, 53.172413793103445], [-80.13229927007299, 53.01724137931035], [-80.13229927007299, 53.43103448275862], [-79.8859489051095, 53.53448275862069], [-80.13229927007299, 53.58620689655172], [-80.21441605839416, 53.275862068965516], [-80.21441605839416, 53.53448275862069], [-80.3786496350365, 53.172413793103445], [-80.95346715328466, 52.91379310344828], [-80.91240875912408, 52.6551724137931], [-81.69251824817519, 52.55172413793103], [-82.22627737226277, 52.13793103448276], [-82.26733576642336, 51.724137931034484], [-82.51368613138686, 51.56896551724138], [-82.06204379562044, 50.94827586206897], [-81.81569343065694, 51.1551724137931], [-81.61040145985402, 50.8448275862069], [-81.69251824817519, 51.310344827586206], [-81.44616788321167, 50.8448275862069], [-80.74817518248176, 50.94827586206897], [-80.13229927007299, 51.36206896551724], [-80.13229927007299, 51.1551724137931], [-79.76277372262774, 51.10344827586207], [-79.55748175182481, 51.51724137931035], [-78.65419708029196, 51.775862068965516], [-77.87408759124088, 52.39655172413793], [-77.5456204379562, 53.06896551724138], [-77.17609489051095, 53.12068965517241], [-77.17609489051095, 53.63793103448276], [-76.84762773722628, 53.89655172413793]]]}, "properties": {"id": 145, "altitude_m": 4000.0}},{"type": "Feature", "geometry": {"type": "Polygon", "coordinates": [[[-35.91240875912409, 56.89655172413793], [-35.95346715328468, 56.94827586206897], [-35.95346715328468, 57.0], [-35.99452554744525, 57.0], [-35.99452554744525, 56.8448275862069], [-36.035583941605836, 56.793103448275865], [-36.158759124087595, 56.793103448275865], [-36.19981751824817, 56.8448275862069], [-36.240875912408754, 56.793103448275865], [-36.897810218978094, 56.793103448275865], [-36.97992700729927, 56.63793103448276], [-36.85675182481752, 56.53448275862069], [-36.65145985401459, 56.53448275862069], [-36.56934306569343, 56.43103448275862], [-36.528284671532845, 56.43103448275862], [-36.48722627737226, 56.48275862068966], [-36.32299270072993, 56.48275862068966], [-36.28193430656934, 56.53448275862069], [-36.19981751824817, 56.53448275862069], [-36.158759124087595, 56.58620689655172], [-36.07664233576642, 56.58620689655172], [-35.99452554744525, 56.689655172413794], [-35.99452554744525, 56.741379310344826], [-35.91240875912409, 56.8448275862069]]]}, "properties": {"id": 146, "altitude_m": 4000.0}},{"type": "Feature", "geometry": {"type": "Polygon", "coordinates": [[[-35.70711678832117, 58.39655172413793], [-35.91240875912409, 58.39655172413793], [-35.95346715328468, 58.44827586206897], [-35.99452554744525, 58.39655172413793], [-35.99452554744525, 58.293103448275865], [-36.07664233576642, 58.189655172413794], [-36.32299270072993, 58.189655172413794], [-36.36405109489051, 58.13793103448276], [-36.4051094890511, 58.189655172413794], [-36.692518248175176, 58.189655172413794], [-36.73357664233576, 58.13793103448276], [-36.692518248175176, 58.08620689655172], [-36.73357664233576, 57.87931034482759], [-36.61040145985402, 57.775862068965516], [-36.528284671532845, 57.775862068965516], [-36.48722627737226, 57.827586206896555], [-36.528284671532845, 57.93103448275862], [-36.528284671532845, 58.03448275862069], [-36.48722627737226, 58.08620689655172], [-36.32299270072993, 57.87931034482759], [-36.36405109489051, 57.775862068965516], [-36.07664233576642, 57.775862068965516], [-36.035583941605836, 57.724137931034484], [-36.035583941605836, 57.62068965517241], [-36.11770072992701, 57.51724137931034], [-36.240875912408754, 57.56896551724138], [-36.240875912408754, 57.51724137931034], [-36.19981751824817, 57.46551724137931], [-35.99452554744525, 57.46551724137931], [-35.99452554744525, 57.775862068965516], [-35.95346715328468, 57.827586206896555], [-35.95346715328468, 58.03448275862069]]]}, "properties": {"id": 147, "altitude_m": 4000.0}}]}